Category,Brand,Name,Model_Number,Image,Network,Capacity,Memory,Processor,Condition,Price,Buybackworld_Price,Maximum_Price
Smartwatches,Apple,Watch Ultra 4 49mm Titanium,A3579,https://www.sellcell.com/assets/images/devices/009/watch-ultra-4-49mm-titanium.jpg,GPS + Cellular,,,,POOR,0,0,326.0
Smartwatches,Apple,Watch Ultra 4 49mm Titanium,A3579,https://www.sellcell.com/assets/images/devices/009/watch-ultra-4-49mm-titanium.jpg,GPS + Cellular,,,,EXCELLENT,0,0,477.0
Smartwatches,Apple,Watch Ultra 4 49mm Titanium,A3579,https://www.sellcell.com/assets/images/devices/009/watch-ultra-4-49mm-titanium.jpg,GPS + Cellular,,,,BROKEN,0,0,101.0
Smartwatches,Apple,Watch Ultra 4 49mm Titanium,A3579,https://www.sellcell.com/assets/images/devices/009/watch-ultra-4-49mm-titanium.jpg,GPS + Cellular,,,,GOOD,0,0,412.0
Smartwatches,Apple,Watch Series 11 42mm Aluminium,A3331,https://www.sellcell.com/assets/images/devices/009/watch-series-11-42mm-aluminium.jpg,GPS + Cellular,,,,BROKEN,14.2,13.2,43.0
Smartwatches,Apple,Watch Series 9 41mm Stainless Steel,A2982,https://www.sellcell.com/assets/images/devices/009/watch-series-9-41mm-stainless-steel.jpg,GPS + Cellular,,,,BROKEN,4.0,3.0,19.0
Smartwatches,Apple,Watch Series 4 40mm Aluminium,A1977,https://www.sellcell.com/assets/images/devices/007/watch-series-4-40mm-aluminium.jpg,GPS + Cellular,,,,BROKEN,0,0,0.6
Smartwatches,Apple,Watch Nike+ Series 5 40mm,A2092,https://www.sellcell.com/assets/images/devices/008/watch-nike-plus-series-5-40mm.jpg,GPS + Cellular,,,,BROKEN,0,0,0.6
Smartwatches,Apple,Watch Series 11 42mm Aluminium,A3331,https://www.sellcell.com/assets/images/devices/009/watch-series-11-42mm-aluminium.jpg,GPS + Cellular,,,,GOOD,110.0,105.0,151.0
Smartwatches,Apple,Watch Nike+ Series 5 40mm,A2092,https://www.sellcell.com/assets/images/devices/008/watch-nike-plus-series-5-40mm.jpg,GPS + Cellular,,,,GOOD,3.0,2.0,10.8
Smartwatches,Apple,Watch Series 11 42mm Aluminium,A3331,https://www.sellcell.com/assets/images/devices/009/watch-series-11-42mm-aluminium.jpg,GPS + Cellular,,,,POOR,23.0,22.0,114.0
Smartwatches,Apple,Watch Nike+ Series 5 40mm,A2092,https://www.sellcell.com/assets/images/devices/008/watch-nike-plus-series-5-40mm.jpg,GPS + Cellular,,,,POOR,0,0,7.2
Smartwatches,Apple,Watch Series 9 41mm Stainless Steel,A2982,https://www.sellcell.com/assets/images/devices/009/watch-series-9-41mm-stainless-steel.jpg,GPS + Cellular,,,,POOR,6.0,5.0,76.0
Smartwatches,Apple,Watch Series 5 44mm Stainless Steel,A2095,https://www.sellcell.com/assets/images/devices/008/watch-series-5-44mm-stainless-steel.jpg,GPS + Cellular,,,,BROKEN,0,0,14.0
Smartwatches,Apple,Watch Nike SE 40mm,A2351,https://www.sellcell.com/assets/images/devices/008/watch-nike-se-40mm.jpg,GPS + Cellular,,,,BROKEN,0,0,0
Smartwatches,Apple,Watch Series 5 44mm Stainless Steel,A2095,https://www.sellcell.com/assets/images/devices/008/watch-series-5-44mm-stainless-steel.jpg,GPS + Cellular,,,,EXCELLENT,23.0,22.0,28.0
Smartwatches,Apple,Watch Series 5 44mm Stainless Steel,A2095,https://www.sellcell.com/assets/images/devices/008/watch-series-5-44mm-stainless-steel.jpg,GPS + Cellular,,,,GOOD,13.0,12.0,23.0
Smartwatches,Apple,Watch Series 5 44mm Stainless Steel,A2095,https://www.sellcell.com/assets/images/devices/008/watch-series-5-44mm-stainless-steel.jpg,GPS Only,,,,BROKEN,0,0,2.0
Smartwatches,Apple,Watch Series 5 44mm Stainless Steel,A2095,https://www.sellcell.com/assets/images/devices/008/watch-series-5-44mm-stainless-steel.jpg,GPS + Cellular,,,,POOR,0,0,15.0
Smartwatches,Apple,Watch Series 6 40mm Titanium,A2293,https://www.sellcell.com/assets/images/devices/008/watch-series-6-40mm-titanium.jpg,GPS + Cellular,,,,BROKEN,0,0,6.0
Smartwatches,Apple,Watch Series 5 44mm Stainless Steel,A2095,https://www.sellcell.com/assets/images/devices/008/watch-series-5-44mm-stainless-steel.jpg,GPS Only,,,,POOR,0,0,7.0
Smartwatches,Apple,Watch Series 8 41mm Aluminium,A2770,https://www.sellcell.com/assets/images/devices/009/watch-series-8-41mm-aluminium.jpg,GPS Only,,,,GOOD,32.0,30.0,68.0
Smartwatches,Apple,Watch Series 8 41mm Aluminium,A2770,https://www.sellcell.com/assets/images/devices/009/watch-series-8-41mm-aluminium.jpg,GPS Only,,,,BROKEN,1.6,0.6,12.0
Smartwatches,Apple,Watch Series 8 41mm Aluminium,A2770,https://www.sellcell.com/assets/images/devices/009/watch-series-8-41mm-aluminium.jpg,GPS Only,,,,EXCELLENT,42.0,40.0,81.0
Smartwatches,Apple,Watch Series 8 41mm Aluminium,A2770,https://www.sellcell.com/assets/images/devices/009/watch-series-8-41mm-aluminium.jpg,GPS + Cellular,,,,EXCELLENT,42.0,40.0,86.0
Smartwatches,Apple,Watch Series 8 41mm Aluminium,A2770,https://www.sellcell.com/assets/images/devices/009/watch-series-8-41mm-aluminium.jpg,GPS + Cellular,,,,GOOD,32.0,30.0,68.0
Smartwatches,Apple,Watch Series 8 41mm Aluminium,A2770,https://www.sellcell.com/assets/images/devices/009/watch-series-8-41mm-aluminium.jpg,GPS Only,,,,POOR,2.0,1.0,43.0
Smartwatches,Apple,Watch Series 8 41mm Aluminium,A2770,https://www.sellcell.com/assets/images/devices/009/watch-series-8-41mm-aluminium.jpg,GPS + Cellular,,,,BROKEN,2.8,1.8,13.0
Smartwatches,Apple,Watch Series 8 41mm Aluminium,A2770,https://www.sellcell.com/assets/images/devices/009/watch-series-8-41mm-aluminium.jpg,GPS + Cellular,,,,POOR,4.0,3.0,46.0
Smartwatches,Apple,Watch Series 6 40mm Titanium,A2293,https://www.sellcell.com/assets/images/devices/008/watch-series-6-40mm-titanium.jpg,GPS Only,,,,GOOD,0,0,33.15
Smartwatches,Apple,Watch Series 6 40mm Titanium,A2293,https://www.sellcell.com/assets/images/devices/008/watch-series-6-40mm-titanium.jpg,GPS Only,,,,POOR,0,0,19.0
Smartwatches,Apple,Watch Series 6 40mm Titanium,A2293,https://www.sellcell.com/assets/images/devices/008/watch-series-6-40mm-titanium.jpg,GPS + Cellular,,,,GOOD,16.0,15.0,34.0
Smartwatches,Apple,Watch Series 6 40mm Titanium,A2293,https://www.sellcell.com/assets/images/devices/008/watch-series-6-40mm-titanium.jpg,GPS Only,,,,EXCELLENT,0,0,39.0
Smartwatches,Apple,Watch Series 6 40mm Titanium,A2293,https://www.sellcell.com/assets/images/devices/008/watch-series-6-40mm-titanium.jpg,GPS Only,,,,BROKEN,0,0,5.0
Smartwatches,Apple,Watch Series 6 40mm Titanium,A2293,https://www.sellcell.com/assets/images/devices/008/watch-series-6-40mm-titanium.jpg,GPS + Cellular,,,,EXCELLENT,32.0,30.0,40.0
Smartwatches,Apple,Watch Series 6 40mm Titanium,A2293,https://www.sellcell.com/assets/images/devices/008/watch-series-6-40mm-titanium.jpg,GPS + Cellular,,,,POOR,0,0,20.0
Smartwatches,Apple,Watch Series 5 44mm Stainless Steel,A2095,https://www.sellcell.com/assets/images/devices/008/watch-series-5-44mm-stainless-steel.jpg,GPS Only,,,,GOOD,0,0,17.0
Smartwatches,Apple,Watch Nike SE 40mm,A2351,https://www.sellcell.com/assets/images/devices/008/watch-nike-se-40mm.jpg,GPS + Cellular,,,,EXCELLENT,21.0,20.0,20.0
Smartwatches,Apple,Watch Nike SE 40mm,A2351,https://www.sellcell.com/assets/images/devices/008/watch-nike-se-40mm.jpg,GPS Only,,,,GOOD,11.0,10.0,10.0
Smartwatches,Apple,Watch Nike SE 40mm,A2351,https://www.sellcell.com/assets/images/devices/008/watch-nike-se-40mm.jpg,GPS + Cellular,,,,POOR,0,0,0
Smartwatches,Apple,Watch Series 5 44mm Stainless Steel,A2095,https://www.sellcell.com/assets/images/devices/008/watch-series-5-44mm-stainless-steel.jpg,GPS Only,,,,EXCELLENT,0,0,22.0
Smartwatches,Apple,Watch Nike SE 40mm,A2351,https://www.sellcell.com/assets/images/devices/008/watch-nike-se-40mm.jpg,GPS Only,,,,POOR,0,0,0
Smartwatches,Apple,Watch Nike SE 40mm,A2351,https://www.sellcell.com/assets/images/devices/008/watch-nike-se-40mm.jpg,GPS + Cellular,,,,GOOD,11.0,10.0,10.0
Smartwatches,Apple,Watch Nike SE 40mm,A2351,https://www.sellcell.com/assets/images/devices/008/watch-nike-se-40mm.jpg,GPS Only,,,,EXCELLENT,21.0,20.0,20.0
Smartwatches,Apple,Watch Series 5 44mm Aluminium,A2093,https://www.sellcell.com/assets/images/devices/008/watch-series-5-44mm-aluminium.jpg,GPS + Cellular,,,,EXCELLENT,13.0,12.0,40.0
Smartwatches,Apple,Watch Series 5 44mm Aluminium,A2093,https://www.sellcell.com/assets/images/devices/008/watch-series-5-44mm-aluminium.jpg,GPS + Cellular,,,,POOR,0,0,15.0
Smartwatches,Apple,Watch Series 5 44mm Aluminium,A2093,https://www.sellcell.com/assets/images/devices/008/watch-series-5-44mm-aluminium.jpg,GPS Only,,,,EXCELLENT,13.0,12.0,36.0
Smartwatches,Apple,Watch Series 5 44mm Aluminium,A2093,https://www.sellcell.com/assets/images/devices/008/watch-series-5-44mm-aluminium.jpg,GPS Only,,,,GOOD,3.0,2.0,26.25
Smartwatches,Apple,Watch Series 5 44mm Aluminium,A2093,https://www.sellcell.com/assets/images/devices/008/watch-series-5-44mm-aluminium.jpg,GPS + Cellular,,,,BROKEN,0,0,14.0
Smartwatches,Apple,Watch Series 5 44mm Aluminium,A2093,https://www.sellcell.com/assets/images/devices/008/watch-series-5-44mm-aluminium.jpg,GPS Only,,,,BROKEN,0,0,17.0
Smartwatches,Apple,Watch Series 5 44mm Aluminium,A2093,https://www.sellcell.com/assets/images/devices/008/watch-series-5-44mm-aluminium.jpg,GPS Only,,,,POOR,0,0,17.0
Smartwatches,Apple,Watch Series 5 44mm Aluminium,A2093,https://www.sellcell.com/assets/images/devices/008/watch-series-5-44mm-aluminium.jpg,GPS + Cellular,,,,GOOD,3.0,2.0,30.0
Smartwatches,Apple,Watch SE 40mm 3rd Gen (2025),A3324,https://www.sellcell.com/assets/images/devices/009/watch-se-40mm-3rd-gen-2025.jpg,GPS Only,,,,POOR,0,0,49.0
Smartwatches,Apple,Watch SE 40mm 3rd Gen (2025),A3324,https://www.sellcell.com/assets/images/devices/009/watch-se-40mm-3rd-gen-2025.jpg,GPS Only,,,,EXCELLENT,0,0,79.0
Smartwatches,Apple,Watch SE 40mm 3rd Gen (2025),A3324,https://www.sellcell.com/assets/images/devices/009/watch-se-40mm-3rd-gen-2025.jpg,GPS + Cellular,,,,BROKEN,0,0,34.0
Smartwatches,Apple,Watch SE 40mm 3rd Gen (2025),A3324,https://www.sellcell.com/assets/images/devices/009/watch-se-40mm-3rd-gen-2025.jpg,GPS Only,,,,BROKEN,0,0,32.0
Smartwatches,Apple,Watch SE 40mm 3rd Gen (2025),A3324,https://www.sellcell.com/assets/images/devices/009/watch-se-40mm-3rd-gen-2025.jpg,GPS + Cellular,,,,EXCELLENT,0,0,86.0
Smartwatches,Apple,Watch SE 40mm 3rd Gen (2025),A3324,https://www.sellcell.com/assets/images/devices/009/watch-se-40mm-3rd-gen-2025.jpg,GPS + Cellular,,,,POOR,0,0,55.0
Smartwatches,Apple,Watch SE 40mm 3rd Gen (2025),A3324,https://www.sellcell.com/assets/images/devices/009/watch-se-40mm-3rd-gen-2025.jpg,GPS Only,,,,GOOD,0,0,55.0
Smartwatches,Apple,Watch SE 40mm 3rd Gen (2025),A3324,https://www.sellcell.com/assets/images/devices/009/watch-se-40mm-3rd-gen-2025.jpg,GPS + Cellular,,,,GOOD,0,0,61.0
Smartwatches,Apple,Watch Nike+ Series 5 40mm,A2092,https://www.sellcell.com/assets/images/devices/008/watch-nike-plus-series-5-40mm.jpg,GPS Only,,,,POOR,0,0,5.4
Smartwatches,Apple,Watch Nike+ Series 5 40mm,A2092,https://www.sellcell.com/assets/images/devices/008/watch-nike-plus-series-5-40mm.jpg,GPS Only,,,,EXCELLENT,11.0,10.0,16.2
Smartwatches,Apple,Watch Ultra 49mm Titanium,A2622,https://www.sellcell.com/assets/images/devices/009/watch-ultra-49mm-titanium.jpg,GPS + Cellular,,,,GOOD,125.0,120.0,163.0
Smartwatches,Apple,Watch Nike+ Series 5 40mm,A2092,https://www.sellcell.com/assets/images/devices/008/watch-nike-plus-series-5-40mm.jpg,GPS + Cellular,,,,EXCELLENT,13.0,12.0,17.4
Smartwatches,Apple,Watch Ultra 49mm Titanium,A2622,https://www.sellcell.com/assets/images/devices/009/watch-ultra-49mm-titanium.jpg,GPS + Cellular,,,,POOR,21.0,20.0,104.0
Smartwatches,Apple,Watch Nike+ Series 5 40mm,A2092,https://www.sellcell.com/assets/images/devices/008/watch-nike-plus-series-5-40mm.jpg,GPS Only,,,,BROKEN,0,0,0.6
Smartwatches,Apple,Watch Ultra 49mm Titanium,A2622,https://www.sellcell.com/assets/images/devices/009/watch-ultra-49mm-titanium.jpg,GPS + Cellular,,,,BROKEN,13.0,12.0,27.0
Smartwatches,Apple,Watch Nike+ Series 5 40mm,A2092,https://www.sellcell.com/assets/images/devices/008/watch-nike-plus-series-5-40mm.jpg,GPS Only,,,,GOOD,0,0,10.2
Smartwatches,Apple,Watch Ultra 49mm Titanium,A2622,https://www.sellcell.com/assets/images/devices/009/watch-ultra-49mm-titanium.jpg,GPS + Cellular,,,,EXCELLENT,145.0,140.0,190.0
Smartwatches,Apple,Watch Series 10 42mm Titanium,A3001,https://www.sellcell.com/assets/images/devices/009/watch-series-10-42mm-titanium.jpg,GPS Only,,,,POOR,0,0,99.0
Smartwatches,Apple,Watch Series 10 42mm Titanium,A3001,https://www.sellcell.com/assets/images/devices/009/watch-series-10-42mm-titanium.jpg,GPS Only,,,,BROKEN,0,0,39.0
Smartwatches,Apple,Watch Series 10 42mm Titanium,A3001,https://www.sellcell.com/assets/images/devices/009/watch-series-10-42mm-titanium.jpg,GPS + Cellular,,,,BROKEN,11.2,10.2,43.0
Smartwatches,Apple,Watch Series 10 42mm Titanium,A3001,https://www.sellcell.com/assets/images/devices/009/watch-series-10-42mm-titanium.jpg,GPS + Cellular,,,,POOR,18.0,17.0,110.0
Smartwatches,Apple,Watch Series 10 42mm Titanium,A3001,https://www.sellcell.com/assets/images/devices/009/watch-series-10-42mm-titanium.jpg,GPS + Cellular,,,,GOOD,125.0,120.0,146.0
Smartwatches,Apple,Watch Series 10 42mm Titanium,A3001,https://www.sellcell.com/assets/images/devices/009/watch-series-10-42mm-titanium.jpg,GPS + Cellular,,,,EXCELLENT,140.0,135.0,192.0
Smartwatches,Apple,Watch Series 10 42mm Titanium,A3001,https://www.sellcell.com/assets/images/devices/009/watch-series-10-42mm-titanium.jpg,GPS Only,,,,GOOD,0,0,129.0
Smartwatches,Apple,Watch Series 7 45mm Titanium,A2477,https://www.sellcell.com/assets/images/devices/009/watch-series-7-45mm-titanium.jpg,GPS + Cellular,,,,EXCELLENT,47.0,45.0,68.0
Smartwatches,Apple,Watch Series 7 45mm Titanium,A2477,https://www.sellcell.com/assets/images/devices/009/watch-series-7-45mm-titanium.jpg,GPS + Cellular,,,,GOOD,21.0,20.0,56.0
Smartwatches,Apple,Watch Series 10 42mm Titanium,A3001,https://www.sellcell.com/assets/images/devices/009/watch-series-10-42mm-titanium.jpg,GPS Only,,,,EXCELLENT,0,0,172.0
Smartwatches,Apple,Watch Series 7 45mm Titanium,A2477,https://www.sellcell.com/assets/images/devices/009/watch-series-7-45mm-titanium.jpg,GPS + Cellular,,,,POOR,3.0,2.0,37.0
Smartwatches,Apple,Watch Series 7 45mm Titanium,A2477,https://www.sellcell.com/assets/images/devices/009/watch-series-7-45mm-titanium.jpg,GPS Only,,,,POOR,0,0,36.0
Smartwatches,Apple,Watch Series 7 45mm Titanium,A2477,https://www.sellcell.com/assets/images/devices/009/watch-series-7-45mm-titanium.jpg,GPS + Cellular,,,,BROKEN,2.2,1.2,9.0
Smartwatches,Apple,Watch SE 44mm 2nd Gen (2022),A2723,https://www.sellcell.com/assets/images/devices/009/watch-se-44mm-2nd-gen-2022.jpg,GPS + Cellular,,,,EXCELLENT,37.0,35.0,48.0
Smartwatches,Apple,Watch Series 7 45mm Titanium,A2477,https://www.sellcell.com/assets/images/devices/009/watch-series-7-45mm-titanium.jpg,GPS Only,,,,GOOD,0,0,55.25
Smartwatches,Apple,Watch SE 44mm 2nd Gen (2022),A2723,https://www.sellcell.com/assets/images/devices/009/watch-se-44mm-2nd-gen-2022.jpg,GPS Only,,,,POOR,0,0,26.0
Smartwatches,Apple,Watch Series 7 45mm Titanium,A2477,https://www.sellcell.com/assets/images/devices/009/watch-series-7-45mm-titanium.jpg,GPS Only,,,,BROKEN,0,0,16.0
Smartwatches,Apple,Watch SE 44mm 2nd Gen (2022),A2723,https://www.sellcell.com/assets/images/devices/009/watch-se-44mm-2nd-gen-2022.jpg,GPS + Cellular,,,,GOOD,27.0,25.0,42.0
Smartwatches,Apple,Watch SE 44mm 2nd Gen (2022),A2723,https://www.sellcell.com/assets/images/devices/009/watch-se-44mm-2nd-gen-2022.jpg,GPS + Cellular,,,,BROKEN,0,0,7.0
Smartwatches,Apple,Watch SE 44mm 2nd Gen (2022),A2723,https://www.sellcell.com/assets/images/devices/009/watch-se-44mm-2nd-gen-2022.jpg,GPS Only,,,,BROKEN,0,0,24.0
Smartwatches,Apple,Watch SE 44mm 2nd Gen (2022),A2723,https://www.sellcell.com/assets/images/devices/009/watch-se-44mm-2nd-gen-2022.jpg,GPS + Cellular,,,,POOR,0,0,27.0
Smartwatches,Apple,Watch Series 7 45mm Titanium,A2477,https://www.sellcell.com/assets/images/devices/009/watch-series-7-45mm-titanium.jpg,GPS Only,,,,EXCELLENT,0,0,80.0
Smartwatches,Apple,Watch SE 44mm 2nd Gen (2022),A2723,https://www.sellcell.com/assets/images/devices/009/watch-se-44mm-2nd-gen-2022.jpg,GPS Only,,,,EXCELLENT,32.0,30.0,59.0
Smartwatches,Apple,Watch Series 4 44mm Aluminium,A1978,https://www.sellcell.com/assets/images/devices/007/watch-series-4-44mm-aluminium.jpg,GPS + Cellular,,,,GOOD,0,0,18.75
Smartwatches,Apple,Watch Series 4 44mm Aluminium,A1978,https://www.sellcell.com/assets/images/devices/007/watch-series-4-44mm-aluminium.jpg,GPS Only,,,,POOR,0,0,7.8
Smartwatches,Apple,Watch Series 4 44mm Aluminium,A1978,https://www.sellcell.com/assets/images/devices/007/watch-series-4-44mm-aluminium.jpg,GPS Only,,,,BROKEN,0,0,0.6
Smartwatches,Apple,Watch Series 4 44mm Aluminium,A1978,https://www.sellcell.com/assets/images/devices/007/watch-series-4-44mm-aluminium.jpg,GPS + Cellular,,,,EXCELLENT,0,0,25.0
Smartwatches,Apple,Watch Series 4 44mm Aluminium,A1978,https://www.sellcell.com/assets/images/devices/007/watch-series-4-44mm-aluminium.jpg,GPS + Cellular,,,,POOR,0,0,7.2
Smartwatches,Apple,Watch SE 44mm 2nd Gen (2022),A2723,https://www.sellcell.com/assets/images/devices/009/watch-se-44mm-2nd-gen-2022.jpg,GPS Only,,,,GOOD,21.0,20.0,44.0
Smartwatches,Apple,Watch Series 4 44mm Aluminium,A1978,https://www.sellcell.com/assets/images/devices/007/watch-series-4-44mm-aluminium.jpg,GPS + Cellular,,,,BROKEN,0,0,0.6
Smartwatches,Apple,Watch Series 4 40mm Aluminium,A1977,https://www.sellcell.com/assets/images/devices/007/watch-series-4-40mm-aluminium.jpg,GPS + Cellular,,,,POOR,0,0,5.4
Smartwatches,Apple,Watch Series 4 40mm Aluminium,A1977,https://www.sellcell.com/assets/images/devices/007/watch-series-4-40mm-aluminium.jpg,GPS Only,,,,BROKEN,0,0,0.6
Smartwatches,Apple,Watch Series 4 44mm Aluminium,A1978,https://www.sellcell.com/assets/images/devices/007/watch-series-4-44mm-aluminium.jpg,GPS Only,,,,EXCELLENT,0,0,20.0
Smartwatches,Apple,Watch Series 4 40mm Aluminium,A1977,https://www.sellcell.com/assets/images/devices/007/watch-series-4-40mm-aluminium.jpg,GPS + Cellular,,,,GOOD,0,0,15.0
Smartwatches,Apple,Watch Series 4 40mm Aluminium,A1977,https://www.sellcell.com/assets/images/devices/007/watch-series-4-40mm-aluminium.jpg,GPS Only,,,,POOR,0,0,4.2
Smartwatches,Apple,Watch Series 4 44mm Aluminium,A1978,https://www.sellcell.com/assets/images/devices/007/watch-series-4-44mm-aluminium.jpg,GPS Only,,,,GOOD,0,0,15.0
Smartwatches,Apple,Watch Series 4 40mm Aluminium,A1977,https://www.sellcell.com/assets/images/devices/007/watch-series-4-40mm-aluminium.jpg,GPS Only,,,,GOOD,0,0,11.25
Smartwatches,Apple,Watch Series 4 40mm Aluminium,A1977,https://www.sellcell.com/assets/images/devices/007/watch-series-4-40mm-aluminium.jpg,GPS + Cellular,,,,EXCELLENT,0,0,20.0
Smartwatches,Apple,Watch Series 4 40mm Aluminium,A1977,https://www.sellcell.com/assets/images/devices/007/watch-series-4-40mm-aluminium.jpg,GPS Only,,,,EXCELLENT,0,0,15.0
Smartwatches,Apple,Watch Nike+ Series 5 44mm,A2093,https://www.sellcell.com/assets/images/devices/008/watch-nike-plus-series-5-44mm.jpg,GPS Only,,,,POOR,0,0,7.2
Smartwatches,Apple,Watch Nike+ Series 5 44mm,A2093,https://www.sellcell.com/assets/images/devices/008/watch-nike-plus-series-5-44mm.jpg,GPS + Cellular,,,,BROKEN,0,0,0.6
Smartwatches,Apple,Watch Nike+ Series 5 44mm,A2093,https://www.sellcell.com/assets/images/devices/008/watch-nike-plus-series-5-44mm.jpg,GPS + Cellular,,,,EXCELLENT,13.0,12.0,19.8
Smartwatches,Apple,Watch Nike+ Series 5 44mm,A2093,https://www.sellcell.com/assets/images/devices/008/watch-nike-plus-series-5-44mm.jpg,GPS + Cellular,,,,GOOD,3.0,2.0,13.8
Smartwatches,Apple,Watch Nike+ Series 5 44mm,A2093,https://www.sellcell.com/assets/images/devices/008/watch-nike-plus-series-5-44mm.jpg,GPS + Cellular,,,,POOR,0,0,10.2
Smartwatches,Apple,Watch Nike+ Series 5 44mm,A2093,https://www.sellcell.com/assets/images/devices/008/watch-nike-plus-series-5-44mm.jpg,GPS Only,,,,GOOD,3.0,2.0,11.4
Smartwatches,Apple,Watch Nike+ Series 5 44mm,A2093,https://www.sellcell.com/assets/images/devices/008/watch-nike-plus-series-5-44mm.jpg,GPS Only,,,,BROKEN,0,0,0.6
Smartwatches,Apple,Watch Series 12 42mm Ceramic,A3582,https://www.sellcell.com/assets/images/devices/009/watch-series-12-42mm-ceramic.jpg,GPS + Cellular,,,,BROKEN,0,0,189.0
Smartwatches,Apple,Watch Series 9 41mm Stainless Steel,A2982,https://www.sellcell.com/assets/images/devices/009/watch-series-9-41mm-stainless-steel.jpg,GPS + Cellular,,,,GOOD,73.0,70.0,101.0
Smartwatches,Apple,Watch Series 12 42mm Ceramic,A3582,https://www.sellcell.com/assets/images/devices/009/watch-series-12-42mm-ceramic.jpg,GPS + Cellular,,,,EXCELLENT,0,0,550.0
Smartwatches,Apple,Watch Series 12 42mm Ceramic,A3582,https://www.sellcell.com/assets/images/devices/009/watch-series-12-42mm-ceramic.jpg,GPS + Cellular,,,,GOOD,0,0,491.0
Smartwatches,Apple,Watch Series 9 41mm Stainless Steel,A2982,https://www.sellcell.com/assets/images/devices/009/watch-series-9-41mm-stainless-steel.jpg,GPS + Cellular,,,,EXCELLENT,88.0,85.0,143.0
Smartwatches,Apple,Watch Series 12 42mm Ceramic,A3582,https://www.sellcell.com/assets/images/devices/009/watch-series-12-42mm-ceramic.jpg,GPS + Cellular,,,,POOR,0,0,426.0
Smartwatches,Apple,Watch Series 9 41mm Stainless Steel,A2982,https://www.sellcell.com/assets/images/devices/009/watch-series-9-41mm-stainless-steel.jpg,GPS Only,,,,BROKEN,0,0,18.0
Smartwatches,Apple,Watch Nike+ Series 5 44mm,A2093,https://www.sellcell.com/assets/images/devices/008/watch-nike-plus-series-5-44mm.jpg,GPS Only,,,,EXCELLENT,13.0,12.0,17.4
Smartwatches,Apple,Watch Series 11 42mm Aluminium,A3331,https://www.sellcell.com/assets/images/devices/009/watch-series-11-42mm-aluminium.jpg,GPS Only,,,,EXCELLENT,120.0,115.0,167.0
Smartwatches,Apple,Watch Series 11 42mm Aluminium,A3331,https://www.sellcell.com/assets/images/devices/009/watch-series-11-42mm-aluminium.jpg,GPS Only,,,,BROKEN,13.0,12.0,40.0
Smartwatches,Apple,Watch Series 11 42mm Aluminium,A3331,https://www.sellcell.com/assets/images/devices/009/watch-series-11-42mm-aluminium.jpg,GPS Only,,,,POOR,21.0,20.0,108.0
Smartwatches,Apple,Watch Series 9 41mm Stainless Steel,A2982,https://www.sellcell.com/assets/images/devices/009/watch-series-9-41mm-stainless-steel.jpg,GPS Only,,,,EXCELLENT,0,0,140.0
Smartwatches,Apple,Watch Series 11 42mm Aluminium,A3331,https://www.sellcell.com/assets/images/devices/009/watch-series-11-42mm-aluminium.jpg,GPS Only,,,,GOOD,105.0,100.0,133.0
Smartwatches,Apple,Watch Series 11 42mm Aluminium,A3331,https://www.sellcell.com/assets/images/devices/009/watch-series-11-42mm-aluminium.jpg,GPS + Cellular,,,,EXCELLENT,125.0,120.0,181.0
Smartwatches,Apple,Watch Series 9 41mm Stainless Steel,A2982,https://www.sellcell.com/assets/images/devices/009/watch-series-9-41mm-stainless-steel.jpg,GPS Only,,,,GOOD,0,0,98.0
Smartwatches,Apple,Watch Series 9 41mm Stainless Steel,A2982,https://www.sellcell.com/assets/images/devices/009/watch-series-9-41mm-stainless-steel.jpg,GPS Only,,,,POOR,0,0,73.0
Smartwatches,Apple,Watch Nike SE 40mm,A2351,https://www.sellcell.com/assets/images/devices/008/watch-nike-se-40mm.jpg,GPS Only,,,,BROKEN,0,0,0
Smartwatches,Apple,Watch Nike SE 44mm,A2352,https://www.sellcell.com/assets/images/devices/008/watch-nike-se-44mm.jpg,GPS + Cellular,,,,POOR,0,0,0
Smartwatches,Apple,Watch Nike SE 44mm,A2352,https://www.sellcell.com/assets/images/devices/008/watch-nike-se-44mm.jpg,GPS + Cellular,,,,BROKEN,0,0,0
Smartwatches,Apple,Watch Series 12 46mm Aluminium,A3584,https://www.sellcell.com/assets/images/devices/009/watch-series-12-46mm-aluminium.jpg,GPS + Cellular,,,,BROKEN,0,0,89.0
Smartwatches,Apple,Watch Series 8 45mm Aluminium,A2771,https://www.sellcell.com/assets/images/devices/009/watch-series-8-45mm-aluminium.jpg,GPS + Cellular,,,,EXCELLENT,53.0,50.0,91.0
Smartwatches,Apple,Watch Series 8 45mm Aluminium,A2771,https://www.sellcell.com/assets/images/devices/009/watch-series-8-45mm-aluminium.jpg,GPS + Cellular,,,,POOR,9.0,8.0,48.0
Smartwatches,Apple,Watch Series 8 45mm Aluminium,A2771,https://www.sellcell.com/assets/images/devices/009/watch-series-8-45mm-aluminium.jpg,GPS + Cellular,,,,BROKEN,5.8,4.8,14.0
Smartwatches,Apple,Watch Series 8 45mm Aluminium,A2771,https://www.sellcell.com/assets/images/devices/009/watch-series-8-45mm-aluminium.jpg,GPS + Cellular,,,,GOOD,42.0,40.0,76.0
Smartwatches,Apple,Watch Series 10 46mm Titanium,A3003,https://www.sellcell.com/assets/images/devices/009/watch-series-10-46mm-titanium.jpg,GPS + Cellular,,,,POOR,21.0,20.0,116.0
Smartwatches,Apple,Watch Series 10 46mm Titanium,A3003,https://www.sellcell.com/assets/images/devices/009/watch-series-10-46mm-titanium.jpg,GPS + Cellular,,,,EXCELLENT,125.0,120.0,203.0
Smartwatches,Apple,Watch Nike+ Series 4 44mm,A1978,https://www.sellcell.com/assets/images/devices/007/watch-nike-plus-series-4-44mm.jpg,GPS + Cellular,,,,BROKEN,0,0,0.6
Smartwatches,Apple,Watch Series 10 46mm Titanium,A3003,https://www.sellcell.com/assets/images/devices/009/watch-series-10-46mm-titanium.jpg,GPS + Cellular,,,,BROKEN,13.0,12.0,45.0
Smartwatches,Apple,Watch SE 44mm 3rd Gen (2025),A3325,https://www.sellcell.com/assets/images/devices/009/watch-se-44mm-3rd-gen-2025.jpg,GPS + Cellular,,,,POOR,0,0,61.0
Smartwatches,Apple,Watch Series 7 45mm Aluminium,A2474,https://www.sellcell.com/assets/images/devices/009/watch-series-7-45mm-aluminium.jpg,GPS + Cellular,,,,BROKEN,0,0,11.0
Smartwatches,Apple,Watch Series 10 46mm Titanium,A3003,https://www.sellcell.com/assets/images/devices/009/watch-series-10-46mm-titanium.jpg,GPS + Cellular,,,,GOOD,110.0,105.0,153.0
Smartwatches,Apple,Watch Ultra 3 49mm Titanium,A3281,https://www.sellcell.com/assets/images/devices/009/watch-ultra-3-49mm-titanium.jpg,GPS + Cellular,,,,EXCELLENT,257.0,250.0,359.0
Smartwatches,Apple,Watch Edition Series 3 38mm,A1860,https://www.sellcell.com/assets/images/devices/007/watch-edition-series-3-38mm.jpg,GPS + Cellular,,,,POOR,0,0,0
Smartwatches,Apple,Watch Ultra 3 49mm Titanium,A3281,https://www.sellcell.com/assets/images/devices/009/watch-ultra-3-49mm-titanium.jpg,GPS + Cellular,,,,BROKEN,32.0,30.0,87.0
Smartwatches,Apple,Watch Edition Series 3 38mm,A1860,https://www.sellcell.com/assets/images/devices/007/watch-edition-series-3-38mm.jpg,GPS + Cellular,,,,GOOD,10.0,9.0,9.0
Smartwatches,Apple,Watch Ultra 3 49mm Titanium,A3281,https://www.sellcell.com/assets/images/devices/009/watch-ultra-3-49mm-titanium.jpg,GPS + Cellular,,,,GOOD,190.0,185.0,323.0
Smartwatches,Apple,Watch Edition Series 3 38mm,A1860,https://www.sellcell.com/assets/images/devices/007/watch-edition-series-3-38mm.jpg,GPS + Cellular,,,,EXCELLENT,13.0,12.0,12.0
Smartwatches,Apple,Watch Edition Series 3 38mm,A1860,https://www.sellcell.com/assets/images/devices/007/watch-edition-series-3-38mm.jpg,GPS + Cellular,,,,BROKEN,0,0,0
Smartwatches,Apple,Watch Ultra 3 49mm Titanium,A3281,https://www.sellcell.com/assets/images/devices/009/watch-ultra-3-49mm-titanium.jpg,GPS + Cellular,,,,POOR,53.0,50.0,267.0
Smartwatches,Apple,Watch Series 7 45mm Stainless Steel,A2477,https://www.sellcell.com/assets/images/devices/009/watch-series-7-45mm-stainless-steel.jpg,GPS + Cellular,,,,EXCELLENT,47.0,45.0,68.0
Smartwatches,Apple,Watch Series 7 45mm Stainless Steel,A2477,https://www.sellcell.com/assets/images/devices/009/watch-series-7-45mm-stainless-steel.jpg,GPS Only,,,,GOOD,0,0,55.25
Smartwatches,Apple,Watch Series 7 45mm Stainless Steel,A2477,https://www.sellcell.com/assets/images/devices/009/watch-series-7-45mm-stainless-steel.jpg,GPS Only,,,,EXCELLENT,0,0,77.0
Smartwatches,Apple,Watch Series 7 45mm Stainless Steel,A2477,https://www.sellcell.com/assets/images/devices/009/watch-series-7-45mm-stainless-steel.jpg,GPS + Cellular,,,,POOR,4.0,3.0,37.0
Smartwatches,Apple,Watch Series 7 45mm Stainless Steel,A2477,https://www.sellcell.com/assets/images/devices/009/watch-series-7-45mm-stainless-steel.jpg,GPS + Cellular,,,,GOOD,32.0,30.0,55.25
Smartwatches,Apple,Watch Series 7 45mm Stainless Steel,A2477,https://www.sellcell.com/assets/images/devices/009/watch-series-7-45mm-stainless-steel.jpg,GPS Only,,,,POOR,0,0,36.0
Smartwatches,Apple,Watch Series 7 45mm Stainless Steel,A2477,https://www.sellcell.com/assets/images/devices/009/watch-series-7-45mm-stainless-steel.jpg,GPS + Cellular,,,,BROKEN,2.8,1.8,9.0
Smartwatches,Apple,Watch SE 44mm 3rd Gen (2025),A3325,https://www.sellcell.com/assets/images/devices/009/watch-se-44mm-3rd-gen-2025.jpg,GPS + Cellular,,,,BROKEN,0,0,38.0
Smartwatches,Apple,Watch Series 7 45mm Stainless Steel,A2477,https://www.sellcell.com/assets/images/devices/009/watch-series-7-45mm-stainless-steel.jpg,GPS Only,,,,BROKEN,0,0,15.0
Smartwatches,Apple,Watch Nike+ Series 4 44mm,A1978,https://www.sellcell.com/assets/images/devices/007/watch-nike-plus-series-4-44mm.jpg,GPS Only,,,,POOR,0,0,7.8
Smartwatches,Apple,Watch Nike+ Series 4 44mm,A1978,https://www.sellcell.com/assets/images/devices/007/watch-nike-plus-series-4-44mm.jpg,GPS Only,,,,GOOD,0,0,11.4
Smartwatches,Apple,Watch Nike+ Series 4 44mm,A1978,https://www.sellcell.com/assets/images/devices/007/watch-nike-plus-series-4-44mm.jpg,GPS + Cellular,,,,POOR,0,0,7.2
Smartwatches,Apple,Watch Nike+ Series 4 44mm,A1978,https://www.sellcell.com/assets/images/devices/007/watch-nike-plus-series-4-44mm.jpg,GPS + Cellular,,,,EXCELLENT,6.0,5.0,18.0
Smartwatches,Apple,Watch Nike+ Series 4 44mm,A1978,https://www.sellcell.com/assets/images/devices/007/watch-nike-plus-series-4-44mm.jpg,GPS + Cellular,,,,GOOD,0,0,11.4
Smartwatches,Apple,Watch Nike+ Series 4 44mm,A1978,https://www.sellcell.com/assets/images/devices/007/watch-nike-plus-series-4-44mm.jpg,GPS Only,,,,EXCELLENT,0,0,18.0
Smartwatches,Apple,Watch Nike Series 7 45mm,A2474,https://www.sellcell.com/assets/images/devices/009/watch-nike-series-7-45mm.jpg,GPS + Cellular,,,,BROKEN,2.2,1.2,2.0
Smartwatches,Apple,Watch Nike+ Series 4 44mm,A1978,https://www.sellcell.com/assets/images/devices/007/watch-nike-plus-series-4-44mm.jpg,GPS Only,,,,BROKEN,0,0,0.6
Smartwatches,Apple,Watch Nike Series 7 45mm,A2474,https://www.sellcell.com/assets/images/devices/009/watch-nike-series-7-45mm.jpg,GPS + Cellular,,,,EXCELLENT,42.0,40.0,40.0
Smartwatches,Apple,Watch Series 11 46mm Titanium,A3337,https://www.sellcell.com/assets/images/devices/009/watch-series-11-46mm-titanium.jpg,GPS + Cellular,,,,BROKEN,19.0,18.0,72.0
Smartwatches,Apple,Watch Nike Series 7 45mm,A2474,https://www.sellcell.com/assets/images/devices/009/watch-nike-series-7-45mm.jpg,GPS Only,,,,GOOD,27.0,25.0,25.0
Smartwatches,Apple,Watch Nike Series 7 45mm,A2474,https://www.sellcell.com/assets/images/devices/009/watch-nike-series-7-45mm.jpg,GPS Only,,,,POOR,3.0,2.0,2.0
Smartwatches,Apple,Watch Nike Series 7 45mm,A2474,https://www.sellcell.com/assets/images/devices/009/watch-nike-series-7-45mm.jpg,GPS + Cellular,,,,POOR,3.0,2.0,2.0
Smartwatches,Apple,Watch Nike Series 7 45mm,A2474,https://www.sellcell.com/assets/images/devices/009/watch-nike-series-7-45mm.jpg,GPS + Cellular,,,,GOOD,32.0,30.0,30.0
Smartwatches,Apple,Watch Nike Series 7 45mm,A2474,https://www.sellcell.com/assets/images/devices/009/watch-nike-series-7-45mm.jpg,GPS Only,,,,EXCELLENT,42.0,40.0,40.0
Smartwatches,Apple,Watch Nike Series 7 45mm,A2474,https://www.sellcell.com/assets/images/devices/009/watch-nike-series-7-45mm.jpg,GPS Only,,,,BROKEN,2.2,1.2,2.0
Smartwatches,Apple,Watch Series 11 46mm Titanium,A3337,https://www.sellcell.com/assets/images/devices/009/watch-series-11-46mm-titanium.jpg,GPS Only,,,,EXCELLENT,0,0,284.0
Smartwatches,Apple,Watch Series 11 46mm Titanium,A3337,https://www.sellcell.com/assets/images/devices/009/watch-series-11-46mm-titanium.jpg,GPS + Cellular,,,,GOOD,200.0,195.0,277.0
Smartwatches,Apple,Watch Series 11 46mm Titanium,A3337,https://www.sellcell.com/assets/images/devices/009/watch-series-11-46mm-titanium.jpg,GPS Only,,,,POOR,0,0,179.0
Smartwatches,Apple,Watch Series 11 46mm Titanium,A3337,https://www.sellcell.com/assets/images/devices/009/watch-series-11-46mm-titanium.jpg,GPS + Cellular,,,,POOR,32.0,30.0,189.0
Smartwatches,Apple,Watch Edition Series 3 42mm,A1861,https://www.sellcell.com/assets/images/devices/007/watch-edition-series-3-42mm.jpg,GPS + Cellular,,,,BROKEN,0,0,0
Smartwatches,Apple,Watch Series 11 46mm Titanium,A3337,https://www.sellcell.com/assets/images/devices/009/watch-series-11-46mm-titanium.jpg,GPS + Cellular,,,,EXCELLENT,227.0,220.0,324.0
Smartwatches,Apple,Watch Series 11 46mm Titanium,A3337,https://www.sellcell.com/assets/images/devices/009/watch-series-11-46mm-titanium.jpg,GPS Only,,,,BROKEN,0,0,68.0
Smartwatches,Apple,Watch Series 11 46mm Titanium,A3337,https://www.sellcell.com/assets/images/devices/009/watch-series-11-46mm-titanium.jpg,GPS Only,,,,GOOD,0,0,227.0
Smartwatches,Apple,Watch Series 7 45mm Aluminium,A2474,https://www.sellcell.com/assets/images/devices/009/watch-series-7-45mm-aluminium.jpg,GPS Only,,,,POOR,0,0,36.0
Smartwatches,Apple,Watch Edition Series 3 42mm,A1861,https://www.sellcell.com/assets/images/devices/007/watch-edition-series-3-42mm.jpg,GPS + Cellular,,,,POOR,0,0,0
Smartwatches,Apple,Watch Series 7 45mm Aluminium,A2474,https://www.sellcell.com/assets/images/devices/009/watch-series-7-45mm-aluminium.jpg,GPS + Cellular,,,,POOR,0,0,36.0
Smartwatches,Apple,Watch Series 7 45mm Aluminium,A2474,https://www.sellcell.com/assets/images/devices/009/watch-series-7-45mm-aluminium.jpg,GPS + Cellular,,,,EXCELLENT,0,0,79.0
Smartwatches,Apple,Watch Edition Series 3 42mm,A1861,https://www.sellcell.com/assets/images/devices/007/watch-edition-series-3-42mm.jpg,GPS + Cellular,,,,EXCELLENT,15.0,14.0,14.0
Smartwatches,Apple,Watch Edition Series 3 42mm,A1861,https://www.sellcell.com/assets/images/devices/007/watch-edition-series-3-42mm.jpg,GPS + Cellular,,,,GOOD,10.0,9.0,9.0
Smartwatches,Apple,Watch Series 7 45mm Aluminium,A2474,https://www.sellcell.com/assets/images/devices/009/watch-series-7-45mm-aluminium.jpg,GPS + Cellular,,,,GOOD,0,0,57.0
Smartwatches,Apple,Watch Series 7 45mm Aluminium,A2474,https://www.sellcell.com/assets/images/devices/009/watch-series-7-45mm-aluminium.jpg,GPS Only,,,,GOOD,0,0,56.0
Smartwatches,Apple,Watch Series 10 46mm Titanium,A3003,https://www.sellcell.com/assets/images/devices/009/watch-series-10-46mm-titanium.jpg,GPS Only,,,,GOOD,0,0,137.0
Smartwatches,Apple,Watch Series 10 46mm Titanium,A3003,https://www.sellcell.com/assets/images/devices/009/watch-series-10-46mm-titanium.jpg,GPS Only,,,,POOR,0,0,105.0
Smartwatches,Apple,Watch Series 7 45mm Aluminium,A2474,https://www.sellcell.com/assets/images/devices/009/watch-series-7-45mm-aluminium.jpg,GPS Only,,,,EXCELLENT,0,0,72.0
Smartwatches,Apple,Watch Series 10 46mm Titanium,A3003,https://www.sellcell.com/assets/images/devices/009/watch-series-10-46mm-titanium.jpg,GPS Only,,,,EXCELLENT,0,0,183.0
Smartwatches,Apple,Watch SE 44mm 3rd Gen (2025),A3325,https://www.sellcell.com/assets/images/devices/009/watch-se-44mm-3rd-gen-2025.jpg,GPS + Cellular,,,,GOOD,0,0,67.0
Smartwatches,Apple,Watch Series 7 45mm Aluminium,A2474,https://www.sellcell.com/assets/images/devices/009/watch-series-7-45mm-aluminium.jpg,GPS Only,,,,BROKEN,0,0,28.0
Smartwatches,Apple,Watch Series 10 46mm Titanium,A3003,https://www.sellcell.com/assets/images/devices/009/watch-series-10-46mm-titanium.jpg,GPS Only,,,,BROKEN,0,0,41.0
Smartwatches,Apple,Watch SE 44mm 3rd Gen (2025),A3325,https://www.sellcell.com/assets/images/devices/009/watch-se-44mm-3rd-gen-2025.jpg,GPS Only,,,,BROKEN,0,0,32.0
Smartwatches,Apple,Watch SE 44mm 3rd Gen (2025),A3325,https://www.sellcell.com/assets/images/devices/009/watch-se-44mm-3rd-gen-2025.jpg,GPS Only,,,,POOR,0,0,50.0
Smartwatches,Apple,Watch Series 9 41mm Aluminium,A2978,https://www.sellcell.com/assets/images/devices/009/watch-series-9-41mm-aluminium.jpg,GPS + Cellular,,,,BROKEN,4.0,3.0,16.0
Smartwatches,Apple,Watch SE 44mm 3rd Gen (2025),A3325,https://www.sellcell.com/assets/images/devices/009/watch-se-44mm-3rd-gen-2025.jpg,GPS Only,,,,EXCELLENT,0,0,80.0
Smartwatches,Apple,Watch Series 9 41mm Aluminium,A2978,https://www.sellcell.com/assets/images/devices/009/watch-series-9-41mm-aluminium.jpg,GPS + Cellular,,,,EXCELLENT,73.0,70.0,111.0
Smartwatches,Apple,Watch Series 9 41mm Aluminium,A2978,https://www.sellcell.com/assets/images/devices/009/watch-series-9-41mm-aluminium.jpg,GPS + Cellular,,,,POOR,6.0,5.0,60.0
Smartwatches,Apple,Watch SE 44mm 3rd Gen (2025),A3325,https://www.sellcell.com/assets/images/devices/009/watch-se-44mm-3rd-gen-2025.jpg,GPS Only,,,,GOOD,0,0,61.0
Smartwatches,Apple,Watch Series 9 41mm Aluminium,A2978,https://www.sellcell.com/assets/images/devices/009/watch-series-9-41mm-aluminium.jpg,GPS + Cellular,,,,GOOD,58.0,55.0,93.0
Smartwatches,Apple,Watch Nike Series 6 44mm,A2292,https://www.sellcell.com/assets/images/devices/008/watch-nike-series-6-44mm.jpg,GPS + Cellular,,,,POOR,0,0,0
Smartwatches,Apple,Watch Series 9 41mm Aluminium,A2978,https://www.sellcell.com/assets/images/devices/009/watch-series-9-41mm-aluminium.jpg,GPS Only,,,,GOOD,47.0,45.0,82.0
Smartwatches,Apple,Watch Series 9 41mm Aluminium,A2978,https://www.sellcell.com/assets/images/devices/009/watch-series-9-41mm-aluminium.jpg,GPS Only,,,,POOR,6.0,5.0,57.0
Smartwatches,Apple,Watch Series 9 41mm Aluminium,A2978,https://www.sellcell.com/assets/images/devices/009/watch-series-9-41mm-aluminium.jpg,GPS Only,,,,EXCELLENT,63.0,60.0,108.0
Smartwatches,Apple,Watch Nike Series 6 44mm,A2292,https://www.sellcell.com/assets/images/devices/008/watch-nike-series-6-44mm.jpg,GPS + Cellular,,,,GOOD,11.0,10.0,10.0
Smartwatches,Apple,Watch Nike Series 6 44mm,A2292,https://www.sellcell.com/assets/images/devices/008/watch-nike-series-6-44mm.jpg,GPS + Cellular,,,,EXCELLENT,27.0,25.0,25.0
Smartwatches,Apple,Watch Nike Series 6 44mm,A2292,https://www.sellcell.com/assets/images/devices/008/watch-nike-series-6-44mm.jpg,GPS + Cellular,,,,BROKEN,0,0,0
Smartwatches,Apple,Watch Nike Series 6 44mm,A2292,https://www.sellcell.com/assets/images/devices/008/watch-nike-series-6-44mm.jpg,GPS Only,,,,POOR,0,0,0
Smartwatches,Apple,Watch Nike Series 6 44mm,A2292,https://www.sellcell.com/assets/images/devices/008/watch-nike-series-6-44mm.jpg,GPS Only,,,,BROKEN,0,0,0
Smartwatches,Apple,Watch Nike Series 6 44mm,A2292,https://www.sellcell.com/assets/images/devices/008/watch-nike-series-6-44mm.jpg,GPS Only,,,,GOOD,16.0,15.0,15.0
Smartwatches,Apple,Watch Series 8 45mm Aluminium,A2771,https://www.sellcell.com/assets/images/devices/009/watch-series-8-45mm-aluminium.jpg,GPS Only,,,,BROKEN,4.6,3.6,13.0
Smartwatches,Apple,Watch Series 8 45mm Aluminium,A2771,https://www.sellcell.com/assets/images/devices/009/watch-series-8-45mm-aluminium.jpg,GPS Only,,,,POOR,7.0,6.0,47.0
Smartwatches,Apple,Watch Series 8 45mm Aluminium,A2771,https://www.sellcell.com/assets/images/devices/009/watch-series-8-45mm-aluminium.jpg,GPS Only,,,,EXCELLENT,47.0,45.0,88.0
Smartwatches,Apple,Watch Nike Series 6 44mm,A2292,https://www.sellcell.com/assets/images/devices/008/watch-nike-series-6-44mm.jpg,GPS Only,,,,EXCELLENT,27.0,25.0,25.0
Smartwatches,Apple,Watch Series 8 45mm Aluminium,A2771,https://www.sellcell.com/assets/images/devices/009/watch-series-8-45mm-aluminium.jpg,GPS Only,,,,GOOD,37.0,35.0,76.0
Smartwatches,Apple,Watch Series 5 44mm Ceramic,A2095,https://www.sellcell.com/assets/images/devices/008/watch-series-5-44mm-ceramic.jpg,GPS Only,,,,EXCELLENT,0,0,24.0
Smartwatches,Apple,Watch Series 5 44mm Ceramic,A2095,https://www.sellcell.com/assets/images/devices/008/watch-series-5-44mm-ceramic.jpg,GPS Only,,,,GOOD,0,0,17.0
Smartwatches,Apple,Watch Series 5 44mm Ceramic,A2095,https://www.sellcell.com/assets/images/devices/008/watch-series-5-44mm-ceramic.jpg,GPS Only,,,,BROKEN,0,0,2.0
Smartwatches,Apple,Watch Series 5 44mm Ceramic,A2095,https://www.sellcell.com/assets/images/devices/008/watch-series-5-44mm-ceramic.jpg,GPS Only,,,,POOR,0,0,8.0
Smartwatches,Apple,Watch Series 5 44mm Ceramic,A2095,https://www.sellcell.com/assets/images/devices/008/watch-series-5-44mm-ceramic.jpg,GPS + Cellular,,,,BROKEN,0,0,14.0
Smartwatches,Apple,Watch Series 5 44mm Ceramic,A2095,https://www.sellcell.com/assets/images/devices/008/watch-series-5-44mm-ceramic.jpg,GPS + Cellular,,,,EXCELLENT,0,0,28.0
Smartwatches,Apple,Watch Series 5 44mm Ceramic,A2095,https://www.sellcell.com/assets/images/devices/008/watch-series-5-44mm-ceramic.jpg,GPS + Cellular,,,,POOR,0,0,19.0
Smartwatches,Apple,Watch Series 5 44mm Ceramic,A2095,https://www.sellcell.com/assets/images/devices/008/watch-series-5-44mm-ceramic.jpg,GPS + Cellular,,,,GOOD,0,0,23.0
Smartwatches,Apple,Watch Series 11 46mm Aluminium,A3333,https://www.sellcell.com/assets/images/devices/009/watch-series-11-46mm-aluminium.jpg,GPS + Cellular,,,,POOR,27.0,25.0,127.0
Smartwatches,Apple,Watch Series 11 46mm Aluminium,A3333,https://www.sellcell.com/assets/images/devices/009/watch-series-11-46mm-aluminium.jpg,GPS + Cellular,,,,BROKEN,16.0,15.0,47.0
Smartwatches,Apple,Watch Series 11 46mm Aluminium,A3333,https://www.sellcell.com/assets/images/devices/009/watch-series-11-46mm-aluminium.jpg,GPS Only,,,,BROKEN,14.2,13.2,42.0
Smartwatches,Apple,Watch Series 11 46mm Aluminium,A3333,https://www.sellcell.com/assets/images/devices/009/watch-series-11-46mm-aluminium.jpg,GPS Only,,,,EXCELLENT,125.0,120.0,175.0
Smartwatches,Apple,Watch Series 11 46mm Aluminium,A3333,https://www.sellcell.com/assets/images/devices/009/watch-series-11-46mm-aluminium.jpg,GPS Only,,,,POOR,23.0,22.0,112.0
Smartwatches,Apple,Watch Series 11 46mm Aluminium,A3333,https://www.sellcell.com/assets/images/devices/009/watch-series-11-46mm-aluminium.jpg,GPS + Cellular,,,,GOOD,120.0,115.0,171.0
Smartwatches,Apple,Watch Series 11 46mm Aluminium,A3333,https://www.sellcell.com/assets/images/devices/009/watch-series-11-46mm-aluminium.jpg,GPS Only,,,,GOOD,110.0,105.0,151.0
Smartwatches,Apple,Watch Series 11 46mm Aluminium,A3333,https://www.sellcell.com/assets/images/devices/009/watch-series-11-46mm-aluminium.jpg,GPS + Cellular,,,,EXCELLENT,135.0,130.0,197.0
Smartwatches,Apple,Watch Series 12 46mm Aluminium,A3584,https://www.sellcell.com/assets/images/devices/009/watch-series-12-46mm-aluminium.jpg,GPS Only,,,,EXCELLENT,0,0,222.0
Smartwatches,Apple,Watch Series 12 46mm Aluminium,A3584,https://www.sellcell.com/assets/images/devices/009/watch-series-12-46mm-aluminium.jpg,GPS Only,,,,GOOD,0,0,177.0
Smartwatches,Apple,Watch Series 12 46mm Aluminium,A3584,https://www.sellcell.com/assets/images/devices/009/watch-series-12-46mm-aluminium.jpg,GPS + Cellular,,,,GOOD,0,0,197.0
Smartwatches,Apple,Watch Series 12 46mm Aluminium,A3584,https://www.sellcell.com/assets/images/devices/009/watch-series-12-46mm-aluminium.jpg,GPS Only,,,,POOR,0,0,131.0
Smartwatches,Apple,Watch Series 12 46mm Aluminium,A3584,https://www.sellcell.com/assets/images/devices/009/watch-series-12-46mm-aluminium.jpg,GPS Only,,,,BROKEN,0,0,82.0
Smartwatches,Apple,Watch Series 12 46mm Aluminium,A3584,https://www.sellcell.com/assets/images/devices/009/watch-series-12-46mm-aluminium.jpg,GPS + Cellular,,,,EXCELLENT,0,0,242.0
Smartwatches,Apple,Watch Nike SE 44mm,A2352,https://www.sellcell.com/assets/images/devices/008/watch-nike-se-44mm.jpg,GPS + Cellular,,,,GOOD,11.0,10.0,10.0
Smartwatches,Apple,Watch Series 12 46mm Aluminium,A3584,https://www.sellcell.com/assets/images/devices/009/watch-series-12-46mm-aluminium.jpg,GPS + Cellular,,,,POOR,0,0,151.0
Smartwatches,Apple,Watch Nike SE 44mm,A2352,https://www.sellcell.com/assets/images/devices/008/watch-nike-se-44mm.jpg,GPS + Cellular,,,,EXCELLENT,21.0,20.0,20.0
Smartwatches,Apple,Watch Nike SE 44mm,A2352,https://www.sellcell.com/assets/images/devices/008/watch-nike-se-44mm.jpg,GPS Only,,,,BROKEN,0,0,0
Smartwatches,Apple,Watch Nike SE 44mm,A2352,https://www.sellcell.com/assets/images/devices/008/watch-nike-se-44mm.jpg,GPS Only,,,,POOR,0,0,0
Smartwatches,Apple,Watch Nike SE 44mm,A2352,https://www.sellcell.com/assets/images/devices/008/watch-nike-se-44mm.jpg,GPS Only,,,,EXCELLENT,21.0,20.0,20.0
Smartwatches,Apple,Watch Nike SE 44mm,A2352,https://www.sellcell.com/assets/images/devices/008/watch-nike-se-44mm.jpg,GPS Only,,,,GOOD,11.0,10.0,10.0
Smartwatches,Apple,Watch Hermes Series 3 42mm,A1861,https://www.sellcell.com/assets/images/devices/007/watch-hermes-series-3-42mm.jpg,GPS + Cellular,,,,POOR,0,0,0
Smartwatches,Apple,Watch Hermes Series 3 42mm,A1861,https://www.sellcell.com/assets/images/devices/007/watch-hermes-series-3-42mm.jpg,GPS + Cellular,,,,BROKEN,0,0,0
Smartwatches,Apple,Watch Series 4 44mm Stainless Steel,A1976,https://www.sellcell.com/assets/images/devices/007/watch-series-4-44mm-stainless-steel.jpg,GPS + Cellular,,,,GOOD,11.0,10.0,14.4
Smartwatches,Apple,Watch Series 6 44mm Aluminium,A2292,https://www.sellcell.com/assets/images/devices/008/watch-series-6-44mm-aluminium.jpg,GPS + Cellular,,,,BROKEN,0,0,7.0
Smartwatches,Apple,Watch Series 4 44mm Stainless Steel,A1976,https://www.sellcell.com/assets/images/devices/007/watch-series-4-44mm-stainless-steel.jpg,GPS + Cellular,,,,POOR,0,0,9.6
Smartwatches,Apple,Watch Series 12 46mm Ceramic,A3587,https://www.sellcell.com/assets/images/devices/009/watch-series-12-46mm-ceramic.jpg,GPS + Cellular,,,,BROKEN,0,0,200.0
Smartwatches,Apple,Watch Series 4 44mm Stainless Steel,A1976,https://www.sellcell.com/assets/images/devices/007/watch-series-4-44mm-stainless-steel.jpg,GPS + Cellular,,,,EXCELLENT,16.0,15.0,21.0
Smartwatches,Apple,Watch Series 4 44mm Stainless Steel,A1976,https://www.sellcell.com/assets/images/devices/007/watch-series-4-44mm-stainless-steel.jpg,GPS + Cellular,,,,BROKEN,0,0,2.0
Smartwatches,Apple,Watch Series 5 44mm Titanium,A2095,https://www.sellcell.com/assets/images/devices/008/watch-series-5-44mm-titanium.jpg,GPS + Cellular,,,,BROKEN,0,0,13.0
Smartwatches,Apple,Watch Series 6 44mm Aluminium,A2292,https://www.sellcell.com/assets/images/devices/008/watch-series-6-44mm-aluminium.jpg,GPS + Cellular,,,,GOOD,16.0,15.0,43.0
Smartwatches,Apple,Watch Hermes Series 3 38mm,A1860,https://www.sellcell.com/assets/images/devices/007/watch-hermes-series-3-38mm.jpg,GPS + Cellular,,,,BROKEN,0,0,0
Smartwatches,Apple,Watch Series 5 40mm Titanium,A2094,https://www.sellcell.com/assets/images/devices/008/watch-series-5-40mm-titanium.jpg,GPS + Cellular,,,,BROKEN,0,0,14.0
Smartwatches,Apple,Watch SE 40mm,A2351,https://www.sellcell.com/assets/images/devices/008/watch-se-40mm.jpg,GPS + Cellular,,,,POOR,0,0,12.0
Smartwatches,Apple,Watch SE 40mm,A2351,https://www.sellcell.com/assets/images/devices/008/watch-se-40mm.jpg,GPS + Cellular,,,,BROKEN,0,0,1.2
Smartwatches,Apple,Watch Nike+ Series 4 40mm,A1977,https://www.sellcell.com/assets/images/devices/007/watch-nike-plus-series-4-40mm.jpg,GPS + Cellular,,,,BROKEN,0,0,0.6
Smartwatches,Apple,Watch Nike+ Series 4 40mm,A1977,https://www.sellcell.com/assets/images/devices/007/watch-nike-plus-series-4-40mm.jpg,GPS + Cellular,,,,POOR,0,0,5.4
Smartwatches,Apple,Watch Series 6 44mm Aluminium,A2292,https://www.sellcell.com/assets/images/devices/008/watch-series-6-44mm-aluminium.jpg,GPS + Cellular,,,,POOR,0,0,23.0
Smartwatches,Apple,Watch Series 5 40mm Titanium,A2094,https://www.sellcell.com/assets/images/devices/008/watch-series-5-40mm-titanium.jpg,GPS Only,,,,BROKEN,0,0,2.0
Smartwatches,Apple,Watch Series 5 40mm Titanium,A2094,https://www.sellcell.com/assets/images/devices/008/watch-series-5-40mm-titanium.jpg,GPS Only,,,,GOOD,0,0,17.0
Smartwatches,Apple,Watch Series 5 40mm Titanium,A2094,https://www.sellcell.com/assets/images/devices/008/watch-series-5-40mm-titanium.jpg,GPS Only,,,,POOR,0,0,7.0
Smartwatches,Apple,Watch Series 5 40mm Titanium,A2094,https://www.sellcell.com/assets/images/devices/008/watch-series-5-40mm-titanium.jpg,GPS Only,,,,EXCELLENT,0,0,22.0
Smartwatches,Apple,Watch Series 7 41mm Stainless Steel,A2475,https://www.sellcell.com/assets/images/devices/009/watch-series-7-41mm-stainless-steel.jpg,GPS + Cellular,,,,BROKEN,2.2,1.2,9.0
Smartwatches,Apple,Watch Series 5 40mm Titanium,A2094,https://www.sellcell.com/assets/images/devices/008/watch-series-5-40mm-titanium.jpg,GPS + Cellular,,,,GOOD,0,0,23.0
Smartwatches,Apple,Watch Series 5 40mm Titanium,A2094,https://www.sellcell.com/assets/images/devices/008/watch-series-5-40mm-titanium.jpg,GPS + Cellular,,,,POOR,0,0,19.0
Smartwatches,Apple,Watch Series 5 40mm Titanium,A2094,https://www.sellcell.com/assets/images/devices/008/watch-series-5-40mm-titanium.jpg,GPS + Cellular,,,,EXCELLENT,0,0,28.0
Smartwatches,Apple,Watch Series 7 41mm Stainless Steel,A2475,https://www.sellcell.com/assets/images/devices/009/watch-series-7-41mm-stainless-steel.jpg,GPS Only,,,,POOR,0,0,30.0
Smartwatches,Apple,Watch Series 7 41mm Stainless Steel,A2475,https://www.sellcell.com/assets/images/devices/009/watch-series-7-41mm-stainless-steel.jpg,GPS + Cellular,,,,GOOD,32.0,30.0,48.0
Smartwatches,Apple,Watch Series 7 41mm Stainless Steel,A2475,https://www.sellcell.com/assets/images/devices/009/watch-series-7-41mm-stainless-steel.jpg,GPS Only,,,,BROKEN,0,0,12.0
Smartwatches,Apple,Watch Series 7 41mm Stainless Steel,A2475,https://www.sellcell.com/assets/images/devices/009/watch-series-7-41mm-stainless-steel.jpg,GPS Only,,,,EXCELLENT,0,0,64.0
Smartwatches,Apple,Watch Series 7 41mm Stainless Steel,A2475,https://www.sellcell.com/assets/images/devices/009/watch-series-7-41mm-stainless-steel.jpg,GPS Only,,,,GOOD,0,0,46.75
Smartwatches,Apple,Watch Series 7 41mm Stainless Steel,A2475,https://www.sellcell.com/assets/images/devices/009/watch-series-7-41mm-stainless-steel.jpg,GPS + Cellular,,,,POOR,3.0,2.0,32.0
Smartwatches,Apple,Watch Series 9 41mm Aluminium,A2978,https://www.sellcell.com/assets/images/devices/009/watch-series-9-41mm-aluminium.jpg,GPS Only,,,,BROKEN,4.0,3.0,16.0
Smartwatches,Apple,Watch SE 40mm,A2351,https://www.sellcell.com/assets/images/devices/008/watch-se-40mm.jpg,GPS Only,,,,GOOD,11.0,10.0,16.0
Smartwatches,Apple,Watch Series 11 42mm Titanium,A3335,https://www.sellcell.com/assets/images/devices/009/watch-series-11-42mm-titanium.jpg,GPS + Cellular,,,,BROKEN,17.2,16.2,67.0
Smartwatches,Apple,Watch SE 40mm,A2351,https://www.sellcell.com/assets/images/devices/008/watch-se-40mm.jpg,GPS Only,,,,EXCELLENT,16.0,15.0,22.0
Smartwatches,Apple,Watch SE 40mm,A2351,https://www.sellcell.com/assets/images/devices/008/watch-se-40mm.jpg,GPS Only,,,,POOR,0,0,11.0
Smartwatches,Apple,Watch SE 40mm,A2351,https://www.sellcell.com/assets/images/devices/008/watch-se-40mm.jpg,GPS Only,,,,BROKEN,0,0,1.2
Smartwatches,Apple,Watch SE 40mm,A2351,https://www.sellcell.com/assets/images/devices/008/watch-se-40mm.jpg,GPS + Cellular,,,,EXCELLENT,16.0,15.0,24.0
Smartwatches,Apple,Watch SE 40mm,A2351,https://www.sellcell.com/assets/images/devices/008/watch-se-40mm.jpg,GPS + Cellular,,,,GOOD,11.0,10.0,16.0
Smartwatches,Apple,Watch Series 11 42mm Titanium,A3335,https://www.sellcell.com/assets/images/devices/009/watch-series-11-42mm-titanium.jpg,GPS + Cellular,,,,POOR,29.0,27.0,176.0
Smartwatches,Apple,Watch Series 11 42mm Titanium,A3335,https://www.sellcell.com/assets/images/devices/009/watch-series-11-42mm-titanium.jpg,GPS Only,,,,POOR,0,0,154.0
Smartwatches,Apple,Watch Nike+ Series 4 40mm,A1977,https://www.sellcell.com/assets/images/devices/007/watch-nike-plus-series-4-40mm.jpg,GPS + Cellular,,,,GOOD,0,0,8.4
Smartwatches,Apple,Watch Series 11 42mm Titanium,A3335,https://www.sellcell.com/assets/images/devices/009/watch-series-11-42mm-titanium.jpg,GPS Only,,,,BROKEN,0,0,60.0
Smartwatches,Apple,Watch Series 11 42mm Titanium,A3335,https://www.sellcell.com/assets/images/devices/009/watch-series-11-42mm-titanium.jpg,GPS Only,,,,EXCELLENT,0,0,251.0
Smartwatches,Apple,Watch Series 11 42mm Titanium,A3335,https://www.sellcell.com/assets/images/devices/009/watch-series-11-42mm-titanium.jpg,GPS Only,,,,GOOD,0,0,198.0
Smartwatches,Apple,Watch Nike+ Series 4 40mm,A1977,https://www.sellcell.com/assets/images/devices/007/watch-nike-plus-series-4-40mm.jpg,GPS + Cellular,,,,EXCELLENT,0,0,14.4
Smartwatches,Apple,Watch Series 11 42mm Titanium,A3335,https://www.sellcell.com/assets/images/devices/009/watch-series-11-42mm-titanium.jpg,GPS + Cellular,,,,GOOD,180.0,175.0,257.0
Smartwatches,Apple,Watch Series 11 42mm Titanium,A3335,https://www.sellcell.com/assets/images/devices/009/watch-series-11-42mm-titanium.jpg,GPS + Cellular,,,,EXCELLENT,205.0,200.0,304.0
Smartwatches,Apple,Watch Hermes Series 3 38mm,A1860,https://www.sellcell.com/assets/images/devices/007/watch-hermes-series-3-38mm.jpg,GPS + Cellular,,,,GOOD,15.0,14.0,14.0
Smartwatches,Apple,Watch Hermes Series 3 38mm,A1860,https://www.sellcell.com/assets/images/devices/007/watch-hermes-series-3-38mm.jpg,GPS + Cellular,,,,POOR,0,0,0
Smartwatches,Apple,Watch Nike+ Series 4 40mm,A1977,https://www.sellcell.com/assets/images/devices/007/watch-nike-plus-series-4-40mm.jpg,GPS Only,,,,BROKEN,0,0,0.6
Smartwatches,Apple,Watch Hermes Series 3 38mm,A1860,https://www.sellcell.com/assets/images/devices/007/watch-hermes-series-3-38mm.jpg,GPS + Cellular,,,,EXCELLENT,23.0,22.0,22.0
Smartwatches,Apple,Watch Nike+ Series 4 40mm,A1977,https://www.sellcell.com/assets/images/devices/007/watch-nike-plus-series-4-40mm.jpg,GPS Only,,,,POOR,0,0,4.2
Smartwatches,Apple,Watch Series 6 44mm Aluminium,A2292,https://www.sellcell.com/assets/images/devices/008/watch-series-6-44mm-aluminium.jpg,GPS + Cellular,,,,EXCELLENT,27.0,25.0,65.0
Smartwatches,Apple,Watch Nike+ Series 4 40mm,A1977,https://www.sellcell.com/assets/images/devices/007/watch-nike-plus-series-4-40mm.jpg,GPS Only,,,,EXCELLENT,0,0,14.0
Smartwatches,Apple,Watch Nike+ Series 4 40mm,A1977,https://www.sellcell.com/assets/images/devices/007/watch-nike-plus-series-4-40mm.jpg,GPS Only,,,,GOOD,0,0,6.6
Smartwatches,Apple,Watch Series 8 45mm Stainless Steel,A2774,https://www.sellcell.com/assets/images/devices/009/watch-series-8-45mm-stainless-steel.jpg,GPS + Cellular,,,,POOR,12.0,11.0,48.0
Smartwatches,Apple,Watch Series 6 44mm Aluminium,A2292,https://www.sellcell.com/assets/images/devices/008/watch-series-6-44mm-aluminium.jpg,GPS Only,,,,EXCELLENT,27.0,25.0,64.0
Smartwatches,Apple,Watch Series 8 45mm Stainless Steel,A2774,https://www.sellcell.com/assets/images/devices/009/watch-series-8-45mm-stainless-steel.jpg,GPS + Cellular,,,,BROKEN,7.6,6.6,12.0
Smartwatches,Apple,Watch Series 8 45mm Stainless Steel,A2774,https://www.sellcell.com/assets/images/devices/009/watch-series-8-45mm-stainless-steel.jpg,GPS + Cellular,,,,GOOD,53.0,50.0,78.0
Smartwatches,Apple,Watch Series 6 44mm Aluminium,A2292,https://www.sellcell.com/assets/images/devices/008/watch-series-6-44mm-aluminium.jpg,GPS Only,,,,GOOD,16.0,15.0,42.0
Smartwatches,Apple,Watch Series 8 45mm Stainless Steel,A2774,https://www.sellcell.com/assets/images/devices/009/watch-series-8-45mm-stainless-steel.jpg,GPS + Cellular,,,,EXCELLENT,63.0,60.0,90.0
Smartwatches,Apple,Watch Series 6 44mm Aluminium,A2292,https://www.sellcell.com/assets/images/devices/008/watch-series-6-44mm-aluminium.jpg,GPS Only,,,,POOR,0,0,21.0
Smartwatches,Apple,Watch Series 6 44mm Aluminium,A2292,https://www.sellcell.com/assets/images/devices/008/watch-series-6-44mm-aluminium.jpg,GPS Only,,,,BROKEN,0,0,21.0
Smartwatches,Apple,Watch Series 8 45mm Stainless Steel,A2774,https://www.sellcell.com/assets/images/devices/009/watch-series-8-45mm-stainless-steel.jpg,GPS Only,,,,GOOD,0,0,77.0
Smartwatches,Apple,Watch Series 5 44mm Titanium,A2095,https://www.sellcell.com/assets/images/devices/008/watch-series-5-44mm-titanium.jpg,GPS + Cellular,,,,GOOD,0,0,20.0
Smartwatches,Apple,Watch Series 5 44mm Titanium,A2095,https://www.sellcell.com/assets/images/devices/008/watch-series-5-44mm-titanium.jpg,GPS + Cellular,,,,EXCELLENT,0,0,25.0
Smartwatches,Apple,Watch Series 5 44mm Titanium,A2095,https://www.sellcell.com/assets/images/devices/008/watch-series-5-44mm-titanium.jpg,GPS + Cellular,,,,POOR,0,0,18.0
Smartwatches,Apple,Watch Series 8 45mm Stainless Steel,A2774,https://www.sellcell.com/assets/images/devices/009/watch-series-8-45mm-stainless-steel.jpg,GPS Only,,,,BROKEN,0,0,12.0
Smartwatches,Apple,Watch Series 8 45mm Stainless Steel,A2774,https://www.sellcell.com/assets/images/devices/009/watch-series-8-45mm-stainless-steel.jpg,GPS Only,,,,EXCELLENT,0,0,90.0
Smartwatches,Apple,Watch Series 5 44mm Titanium,A2095,https://www.sellcell.com/assets/images/devices/008/watch-series-5-44mm-titanium.jpg,GPS Only,,,,BROKEN,0,0,6.0
Smartwatches,Apple,Watch Series 5 44mm Titanium,A2095,https://www.sellcell.com/assets/images/devices/008/watch-series-5-44mm-titanium.jpg,GPS Only,,,,EXCELLENT,0,0,64.0
Smartwatches,Apple,Watch Series 10 42mm Aluminium,A2997,https://www.sellcell.com/assets/images/devices/009/watch-series-10-42mm-aluminium.jpg,GPS + Cellular,,,,GOOD,78.0,75.0,119.0
Smartwatches,Apple,Watch Series 10 42mm Aluminium,A2997,https://www.sellcell.com/assets/images/devices/009/watch-series-10-42mm-aluminium.jpg,GPS + Cellular,,,,BROKEN,8.2,7.2,34.0
Smartwatches,Apple,Watch Series 10 42mm Aluminium,A2997,https://www.sellcell.com/assets/images/devices/009/watch-series-10-42mm-aluminium.jpg,GPS + Cellular,,,,POOR,13.0,12.0,86.0
Smartwatches,Apple,Watch Series 5 44mm Titanium,A2095,https://www.sellcell.com/assets/images/devices/008/watch-series-5-44mm-titanium.jpg,GPS Only,,,,POOR,0,0,24.0
Smartwatches,Apple,Watch Series 10 42mm Aluminium,A2997,https://www.sellcell.com/assets/images/devices/009/watch-series-10-42mm-aluminium.jpg,GPS + Cellular,,,,EXCELLENT,93.0,90.0,150.0
Smartwatches,Apple,Watch Series 10 42mm Aluminium,A2997,https://www.sellcell.com/assets/images/devices/009/watch-series-10-42mm-aluminium.jpg,GPS Only,,,,BROKEN,7.0,6.0,30.0
Smartwatches,Apple,Watch Series 12 46mm Ceramic,A3587,https://www.sellcell.com/assets/images/devices/009/watch-series-12-46mm-ceramic.jpg,GPS + Cellular,,,,EXCELLENT,0,0,580.0
Smartwatches,Apple,Watch Series 12 46mm Ceramic,A3587,https://www.sellcell.com/assets/images/devices/009/watch-series-12-46mm-ceramic.jpg,GPS + Cellular,,,,POOR,0,0,456.0
Smartwatches,Apple,Watch SE 44mm,A2352,https://www.sellcell.com/assets/images/devices/008/watch-se-44mm.jpg,GPS + Cellular,,,,BROKEN,0,0,1.2
Smartwatches,Apple,Watch Series 10 42mm Aluminium,A2997,https://www.sellcell.com/assets/images/devices/009/watch-series-10-42mm-aluminium.jpg,GPS Only,,,,POOR,11.0,10.0,80.0
Smartwatches,Apple,Watch Series 10 42mm Aluminium,A2997,https://www.sellcell.com/assets/images/devices/009/watch-series-10-42mm-aluminium.jpg,GPS Only,,,,GOOD,73.0,70.0,119.0
Smartwatches,Apple,Watch Series 12 46mm Ceramic,A3587,https://www.sellcell.com/assets/images/devices/009/watch-series-12-46mm-ceramic.jpg,GPS + Cellular,,,,GOOD,0,0,521.0
Smartwatches,Apple,Watch Series 10 42mm Aluminium,A2997,https://www.sellcell.com/assets/images/devices/009/watch-series-10-42mm-aluminium.jpg,GPS Only,,,,EXCELLENT,88.0,85.0,140.0
Smartwatches,Apple,Watch SE 44mm,A2352,https://www.sellcell.com/assets/images/devices/008/watch-se-44mm.jpg,GPS Only,,,,POOR,0,0,15.0
Smartwatches,Apple,Watch SE 44mm,A2352,https://www.sellcell.com/assets/images/devices/008/watch-se-44mm.jpg,GPS + Cellular,,,,EXCELLENT,16.0,15.0,35.0
Smartwatches,Apple,Watch SE 44mm,A2352,https://www.sellcell.com/assets/images/devices/008/watch-se-44mm.jpg,GPS + Cellular,,,,GOOD,11.0,10.0,24.0
Smartwatches,Apple,Watch SE 44mm,A2352,https://www.sellcell.com/assets/images/devices/008/watch-se-44mm.jpg,GPS Only,,,,BROKEN,0,0,1.2
Smartwatches,Apple,Watch SE 44mm,A2352,https://www.sellcell.com/assets/images/devices/008/watch-se-44mm.jpg,GPS Only,,,,EXCELLENT,16.0,15.0,27.0
Smartwatches,Apple,Watch SE 44mm,A2352,https://www.sellcell.com/assets/images/devices/008/watch-se-44mm.jpg,GPS Only,,,,GOOD,11.0,10.0,21.0
Smartwatches,Apple,Watch SE 44mm,A2352,https://www.sellcell.com/assets/images/devices/008/watch-se-44mm.jpg,GPS + Cellular,,,,POOR,0,0,15.0
Smartwatches,Apple,Watch Series 12 42mm Titanium,A3582,https://www.sellcell.com/assets/images/devices/009/watch-series-12-42mm-titanium.jpg,GPS + Cellular,,,,BROKEN,0,0,140.0
Smartwatches,Apple,Watch Series 12 42mm Titanium,A3582,https://www.sellcell.com/assets/images/devices/009/watch-series-12-42mm-titanium.jpg,GPS + Cellular,,,,POOR,0,0,310.0
Smartwatches,Apple,Watch Series 6 40mm Aluminium,A2291,https://www.sellcell.com/assets/images/devices/008/watch-series-6-40mm-aluminium.jpg,GPS + Cellular,,,,BROKEN,0,0,6.0
Smartwatches,Apple,Watch Series 12 42mm Titanium,A3582,https://www.sellcell.com/assets/images/devices/009/watch-series-12-42mm-titanium.jpg,GPS + Cellular,,,,EXCELLENT,0,0,410.0
Smartwatches,Apple,Watch Series 6 40mm Aluminium,A2291,https://www.sellcell.com/assets/images/devices/008/watch-series-6-40mm-aluminium.jpg,GPS + Cellular,,,,POOR,0,0,19.0
Smartwatches,Apple,Watch Hermes Series 3 42mm,A1861,https://www.sellcell.com/assets/images/devices/007/watch-hermes-series-3-42mm.jpg,GPS + Cellular,,,,EXCELLENT,23.0,22.0,22.0
Smartwatches,Apple,Watch Series 12 42mm Titanium,A3582,https://www.sellcell.com/assets/images/devices/009/watch-series-12-42mm-titanium.jpg,GPS + Cellular,,,,GOOD,0,0,361.0
Smartwatches,Apple,Watch Series 6 40mm Aluminium,A2291,https://www.sellcell.com/assets/images/devices/008/watch-series-6-40mm-aluminium.jpg,GPS + Cellular,,,,GOOD,16.0,15.0,35.0
Smartwatches,Apple,Watch Hermes Series 3 42mm,A1861,https://www.sellcell.com/assets/images/devices/007/watch-hermes-series-3-42mm.jpg,GPS + Cellular,,,,GOOD,15.0,14.0,14.0
Smartwatches,Apple,Watch SE 44mm 3rd Gen (2025),A3325,https://www.sellcell.com/assets/images/devices/009/watch-se-44mm-3rd-gen-2025.jpg,GPS + Cellular,,,,EXCELLENT,0,0,96.0
Smartwatches,Apple,Watch Series 6 40mm Aluminium,A2291,https://www.sellcell.com/assets/images/devices/008/watch-series-6-40mm-aluminium.jpg,GPS Only,,,,GOOD,16.0,15.0,32.0
Smartwatches,Apple,Watch Series 12 42mm Aluminium,A3581,https://www.sellcell.com/assets/images/devices/009/watch-series-12-42mm-aluminium.jpg,GPS + Cellular,,,,BROKEN,0,0,82.0
Smartwatches,Apple,Watch Series 6 40mm Aluminium,A2291,https://www.sellcell.com/assets/images/devices/008/watch-series-6-40mm-aluminium.jpg,GPS Only,,,,POOR,0,0,19.0
Smartwatches,Apple,Watch Series 12 42mm Aluminium,A3581,https://www.sellcell.com/assets/images/devices/009/watch-series-12-42mm-aluminium.jpg,GPS + Cellular,,,,POOR,0,0,131.0
Smartwatches,Apple,Watch Series 6 40mm Aluminium,A2291,https://www.sellcell.com/assets/images/devices/008/watch-series-6-40mm-aluminium.jpg,GPS Only,,,,EXCELLENT,27.0,25.0,42.0
Smartwatches,Apple,Watch Series 6 40mm Aluminium,A2291,https://www.sellcell.com/assets/images/devices/008/watch-series-6-40mm-aluminium.jpg,GPS Only,,,,BROKEN,0,0,6.0
Smartwatches,Apple,Watch Series 6 40mm Aluminium,A2291,https://www.sellcell.com/assets/images/devices/008/watch-series-6-40mm-aluminium.jpg,GPS + Cellular,,,,EXCELLENT,27.0,25.0,47.0
Smartwatches,Apple,Watch Series 12 42mm Aluminium,A3581,https://www.sellcell.com/assets/images/devices/009/watch-series-12-42mm-aluminium.jpg,GPS Only,,,,BROKEN,0,0,75.0
Smartwatches,Apple,Watch Series 12 42mm Aluminium,A3581,https://www.sellcell.com/assets/images/devices/009/watch-series-12-42mm-aluminium.jpg,GPS Only,,,,EXCELLENT,0,0,202.0
Smartwatches,Apple,Watch Series 12 42mm Aluminium,A3581,https://www.sellcell.com/assets/images/devices/009/watch-series-12-42mm-aluminium.jpg,GPS + Cellular,,,,EXCELLENT,0,0,222.0
Smartwatches,Apple,Watch Series 12 42mm Aluminium,A3581,https://www.sellcell.com/assets/images/devices/009/watch-series-12-42mm-aluminium.jpg,GPS + Cellular,,,,GOOD,0,0,177.0
Smartwatches,Apple,Watch Series 12 42mm Aluminium,A3581,https://www.sellcell.com/assets/images/devices/009/watch-series-12-42mm-aluminium.jpg,GPS Only,,,,GOOD,0,0,157.0
Smartwatches,Apple,Watch Series 12 42mm Aluminium,A3581,https://www.sellcell.com/assets/images/devices/009/watch-series-12-42mm-aluminium.jpg,GPS Only,,,,POOR,0,0,111.0
Smartwatches,Apple,Watch Series 8 45mm Stainless Steel,A2774,https://www.sellcell.com/assets/images/devices/009/watch-series-8-45mm-stainless-steel.jpg,GPS Only,,,,POOR,0,0,42.0
Smartwatches,Apple,Watch Hermes Series 4 44mm,A1976,https://www.sellcell.com/assets/images/devices/007/watch-hermes-series-4-44mm.jpg,,,,,GOOD,11.0,10.0,10.0
Smartwatches,Apple,Watch Hermes Series 4 44mm,A1976,https://www.sellcell.com/assets/images/devices/007/watch-hermes-series-4-44mm.jpg,,,,,BROKEN,0,0,0
Smartwatches,Apple,Watch Hermes Series 4 44mm,A1976,https://www.sellcell.com/assets/images/devices/007/watch-hermes-series-4-44mm.jpg,,,,,POOR,0,0,0
Smartwatches,Apple,Watch Series 5 44mm Titanium,A2095,https://www.sellcell.com/assets/images/devices/008/watch-series-5-44mm-titanium.jpg,GPS Only,,,,GOOD,0,0,41.0
Smartwatches,Apple,Watch Series 4 40mm Stainless Steel,A1975,https://www.sellcell.com/assets/images/devices/007/watch-series-4-40mm-stainless-steel.jpg,GPS + Cellular,,,,BROKEN,0,0,2.0
Smartwatches,Apple,Watch Series 8 41mm Stainless Steel,A2772,https://www.sellcell.com/assets/images/devices/009/watch-series-8-41mm-stainless-steel.jpg,GPS + Cellular,,,,BROKEN,4.6,3.6,12.0
Smartwatches,Apple,Watch Series 3 42mm Stainless Steel,A1861,https://www.sellcell.com/assets/images/devices/007/watch-series-3-42mm-stainless-steel.jpg,GPS + Cellular,,,,POOR,0,0,0
Smartwatches,Apple,Watch Series 3 42mm Stainless Steel,A1861,https://www.sellcell.com/assets/images/devices/007/watch-series-3-42mm-stainless-steel.jpg,GPS + Cellular,,,,BROKEN,0,0,0
Smartwatches,Apple,Watch Hermes Series 4 44mm,A1976,https://www.sellcell.com/assets/images/devices/007/watch-hermes-series-4-44mm.jpg,,,,,EXCELLENT,27.0,25.0,25.0
Smartwatches,Apple,Watch SE 40mm 2nd Gen (2022),A2722,https://www.sellcell.com/assets/images/devices/009/watch-se-40mm-2nd-gen-2022.jpg,GPS + Cellular,,,,BROKEN,0,0,7.0
Smartwatches,Apple,Watch Series 3 42mm Stainless Steel,A1861,https://www.sellcell.com/assets/images/devices/007/watch-series-3-42mm-stainless-steel.jpg,GPS + Cellular,,,,GOOD,4.0,3.0,3.0
Smartwatches,Apple,Watch SE 40mm 2nd Gen (2022),A2722,https://www.sellcell.com/assets/images/devices/009/watch-se-40mm-2nd-gen-2022.jpg,GPS + Cellular,,,,GOOD,16.0,15.0,36.0
Smartwatches,Apple,Watch SE 40mm 2nd Gen (2022),A2722,https://www.sellcell.com/assets/images/devices/009/watch-se-40mm-2nd-gen-2022.jpg,GPS + Cellular,,,,EXCELLENT,27.0,25.0,45.0
Smartwatches,Apple,Watch Series 6 40mm Stainless Steel,A2293,https://www.sellcell.com/assets/images/devices/008/watch-series-6-40mm-stainless-steel.jpg,GPS + Cellular,,,,BROKEN,0,0,6.0
Smartwatches,Apple,Watch Series 7 41mm Aluminium,A2473,https://www.sellcell.com/assets/images/devices/009/watch-series-7-41mm-aluminium.jpg,GPS + Cellular,,,,BROKEN,0,0,10.0
Smartwatches,Apple,Watch Series 7 41mm Aluminium,A2473,https://www.sellcell.com/assets/images/devices/009/watch-series-7-41mm-aluminium.jpg,GPS + Cellular,,,,EXCELLENT,0,0,70.0
Smartwatches,Apple,Watch SE 40mm 2nd Gen (2022),A2722,https://www.sellcell.com/assets/images/devices/009/watch-se-40mm-2nd-gen-2022.jpg,GPS Only,,,,BROKEN,0,0,6.0
Smartwatches,Apple,Watch Series 7 41mm Aluminium,A2473,https://www.sellcell.com/assets/images/devices/009/watch-series-7-41mm-aluminium.jpg,GPS + Cellular,,,,POOR,0,0,33.0
Smartwatches,Apple,Watch Series 7 41mm Aluminium,A2473,https://www.sellcell.com/assets/images/devices/009/watch-series-7-41mm-aluminium.jpg,GPS + Cellular,,,,GOOD,0,0,53.0
Smartwatches,Apple,Watch Series 6 40mm Stainless Steel,A2293,https://www.sellcell.com/assets/images/devices/008/watch-series-6-40mm-stainless-steel.jpg,GPS + Cellular,,,,POOR,0,0,20.0
Smartwatches,Apple,Watch Series 6 40mm Stainless Steel,A2293,https://www.sellcell.com/assets/images/devices/008/watch-series-6-40mm-stainless-steel.jpg,GPS Only,,,,GOOD,0,0,33.15
Smartwatches,Apple,Watch Series 6 40mm Stainless Steel,A2293,https://www.sellcell.com/assets/images/devices/008/watch-series-6-40mm-stainless-steel.jpg,GPS Only,,,,EXCELLENT,0,0,39.0
Smartwatches,Apple,Watch Series 6 40mm Stainless Steel,A2293,https://www.sellcell.com/assets/images/devices/008/watch-series-6-40mm-stainless-steel.jpg,GPS + Cellular,,,,EXCELLENT,32.0,30.0,40.0
Smartwatches,Apple,Watch Series 6 40mm Stainless Steel,A2293,https://www.sellcell.com/assets/images/devices/008/watch-series-6-40mm-stainless-steel.jpg,GPS Only,,,,BROKEN,0,0,5.0
Smartwatches,Apple,Watch Series 6 40mm Stainless Steel,A2293,https://www.sellcell.com/assets/images/devices/008/watch-series-6-40mm-stainless-steel.jpg,GPS Only,,,,POOR,0,0,19.0
Smartwatches,Apple,Watch Series 7 41mm Titanium,A2475,https://www.sellcell.com/assets/images/devices/009/watch-series-7-41mm-titanium.jpg,GPS + Cellular,,,,BROKEN,2.2,1.2,8.0
Smartwatches,Apple,Watch Series 6 40mm Stainless Steel,A2293,https://www.sellcell.com/assets/images/devices/008/watch-series-6-40mm-stainless-steel.jpg,GPS + Cellular,,,,GOOD,16.0,15.0,34.0
Smartwatches,Apple,Watch Series 7 41mm Titanium,A2475,https://www.sellcell.com/assets/images/devices/009/watch-series-7-41mm-titanium.jpg,GPS Only,,,,GOOD,0,0,46.75
Smartwatches,Apple,Watch Series 7 41mm Titanium,A2475,https://www.sellcell.com/assets/images/devices/009/watch-series-7-41mm-titanium.jpg,GPS + Cellular,,,,EXCELLENT,42.0,40.0,59.0
Smartwatches,Apple,Watch Series 7 41mm Titanium,A2475,https://www.sellcell.com/assets/images/devices/009/watch-series-7-41mm-titanium.jpg,GPS Only,,,,BROKEN,0,0,13.0
Smartwatches,Apple,Watch Series 7 41mm Titanium,A2475,https://www.sellcell.com/assets/images/devices/009/watch-series-7-41mm-titanium.jpg,GPS Only,,,,EXCELLENT,0,0,69.0
Smartwatches,Apple,Watch Series 6 44mm Titanium,A2294,https://www.sellcell.com/assets/images/devices/008/watch-series-6-44mm-titanium.jpg,GPS + Cellular,,,,BROKEN,0,0,7.0
Smartwatches,Apple,Watch Series 7 41mm Titanium,A2475,https://www.sellcell.com/assets/images/devices/009/watch-series-7-41mm-titanium.jpg,GPS + Cellular,,,,GOOD,27.0,25.0,48.0
Smartwatches,Apple,Watch Series 7 41mm Titanium,A2475,https://www.sellcell.com/assets/images/devices/009/watch-series-7-41mm-titanium.jpg,GPS + Cellular,,,,POOR,3.0,2.0,32.0
Smartwatches,Apple,Watch Series 7 41mm Titanium,A2475,https://www.sellcell.com/assets/images/devices/009/watch-series-7-41mm-titanium.jpg,GPS Only,,,,POOR,0,0,30.0
Smartwatches,Apple,Watch Series 6 44mm Titanium,A2294,https://www.sellcell.com/assets/images/devices/008/watch-series-6-44mm-titanium.jpg,GPS Only,,,,BROKEN,0,0,0
Smartwatches,Apple,Watch Series 6 44mm Titanium,A2294,https://www.sellcell.com/assets/images/devices/008/watch-series-6-44mm-titanium.jpg,GPS + Cellular,,,,EXCELLENT,37.0,35.0,42.0
Smartwatches,Apple,Watch Series 6 44mm Titanium,A2294,https://www.sellcell.com/assets/images/devices/008/watch-series-6-44mm-titanium.jpg,GPS Only,,,,GOOD,0,0,29.75
Smartwatches,Apple,Watch Series 6 44mm Titanium,A2294,https://www.sellcell.com/assets/images/devices/008/watch-series-6-44mm-titanium.jpg,GPS Only,,,,POOR,0,0,5.0
Smartwatches,Apple,Watch Series 6 44mm Titanium,A2294,https://www.sellcell.com/assets/images/devices/008/watch-series-6-44mm-titanium.jpg,GPS + Cellular,,,,GOOD,21.0,20.0,31.0
Smartwatches,Apple,Watch Series 6 44mm Titanium,A2294,https://www.sellcell.com/assets/images/devices/008/watch-series-6-44mm-titanium.jpg,GPS + Cellular,,,,POOR,0,0,23.0
Smartwatches,Apple,Watch Series 10 46mm Aluminium,A2999,https://www.sellcell.com/assets/images/devices/009/watch-series-10-46mm-aluminium.jpg,GPS + Cellular,,,,GOOD,83.0,80.0,134.0
Smartwatches,Apple,Watch Series 10 46mm Aluminium,A2999,https://www.sellcell.com/assets/images/devices/009/watch-series-10-46mm-aluminium.jpg,GPS Only,,,,GOOD,78.0,75.0,132.0
Smartwatches,Apple,Watch Series 6 44mm Titanium,A2294,https://www.sellcell.com/assets/images/devices/008/watch-series-6-44mm-titanium.jpg,GPS Only,,,,EXCELLENT,0,0,35.0
Smartwatches,Apple,Watch Series 10 46mm Aluminium,A2999,https://www.sellcell.com/assets/images/devices/009/watch-series-10-46mm-aluminium.jpg,GPS + Cellular,,,,POOR,16.0,15.0,98.0
Smartwatches,Apple,Watch Series 10 46mm Aluminium,A2999,https://www.sellcell.com/assets/images/devices/009/watch-series-10-46mm-aluminium.jpg,GPS Only,,,,POOR,13.0,12.0,92.0
Smartwatches,Apple,Watch Series 10 46mm Aluminium,A2999,https://www.sellcell.com/assets/images/devices/009/watch-series-10-46mm-aluminium.jpg,GPS Only,,,,BROKEN,8.2,7.2,36.0
Smartwatches,Apple,Watch Series 10 46mm Aluminium,A2999,https://www.sellcell.com/assets/images/devices/009/watch-series-10-46mm-aluminium.jpg,GPS + Cellular,,,,EXCELLENT,98.0,95.0,171.0
Smartwatches,Apple,Watch Series 10 46mm Aluminium,A2999,https://www.sellcell.com/assets/images/devices/009/watch-series-10-46mm-aluminium.jpg,GPS + Cellular,,,,BROKEN,10.0,9.0,38.0
Smartwatches,Apple,Watch Series 10 46mm Aluminium,A2999,https://www.sellcell.com/assets/images/devices/009/watch-series-10-46mm-aluminium.jpg,GPS Only,,,,EXCELLENT,93.0,90.0,159.0
Smartwatches,Apple,Watch SE 40mm 2nd Gen (2022),A2722,https://www.sellcell.com/assets/images/devices/009/watch-se-40mm-2nd-gen-2022.jpg,GPS Only,,,,GOOD,16.0,15.0,35.0
Smartwatches,Apple,Watch SE 40mm 2nd Gen (2022),A2722,https://www.sellcell.com/assets/images/devices/009/watch-se-40mm-2nd-gen-2022.jpg,GPS Only,,,,EXCELLENT,27.0,25.0,42.0
Smartwatches,Apple,Watch Series 7 41mm Aluminium,A2473,https://www.sellcell.com/assets/images/devices/009/watch-series-7-41mm-aluminium.jpg,GPS Only,,,,GOOD,0,0,50.0
Smartwatches,Apple,Watch Series 7 41mm Aluminium,A2473,https://www.sellcell.com/assets/images/devices/009/watch-series-7-41mm-aluminium.jpg,GPS Only,,,,POOR,0,0,30.0
Smartwatches,Apple,Watch Series 7 41mm Aluminium,A2473,https://www.sellcell.com/assets/images/devices/009/watch-series-7-41mm-aluminium.jpg,GPS Only,,,,BROKEN,0,0,9.0
Smartwatches,Apple,Watch SE 40mm 2nd Gen (2022),A2722,https://www.sellcell.com/assets/images/devices/009/watch-se-40mm-2nd-gen-2022.jpg,GPS Only,,,,POOR,0,0,22.0
Smartwatches,Apple,Watch Series 7 41mm Aluminium,A2473,https://www.sellcell.com/assets/images/devices/009/watch-series-7-41mm-aluminium.jpg,GPS Only,,,,EXCELLENT,0,0,65.0
Smartwatches,Apple,Watch Series 4 40mm Stainless Steel,A1975,https://www.sellcell.com/assets/images/devices/007/watch-series-4-40mm-stainless-steel.jpg,GPS + Cellular,,,,POOR,0,0,7.2
Smartwatches,Apple,Watch Series 8 41mm Stainless Steel,A2772,https://www.sellcell.com/assets/images/devices/009/watch-series-8-41mm-stainless-steel.jpg,GPS + Cellular,,,,POOR,7.0,6.0,46.0
Smartwatches,Apple,Watch Series 4 40mm Stainless Steel,A1975,https://www.sellcell.com/assets/images/devices/007/watch-series-4-40mm-stainless-steel.jpg,GPS + Cellular,,,,GOOD,11.0,10.0,11.4
Smartwatches,Apple,Watch Ultra 2 49mm Titanium,A2986,https://www.sellcell.com/assets/images/devices/009/watch-ultra-2-49mm-titanium.jpg,GPS + Cellular,,,,BROKEN,22.0,21.0,50.0
Smartwatches,Apple,Watch Series 4 40mm Stainless Steel,A1975,https://www.sellcell.com/assets/images/devices/007/watch-series-4-40mm-stainless-steel.jpg,GPS + Cellular,,,,EXCELLENT,16.0,15.0,18.0
Smartwatches,Apple,Watch Ultra 2 49mm Titanium,A2986,https://www.sellcell.com/assets/images/devices/009/watch-ultra-2-49mm-titanium.jpg,GPS + Cellular,,,,GOOD,140.0,135.0,227.0
Smartwatches,Apple,Watch Ultra 2 49mm Titanium,A2986,https://www.sellcell.com/assets/images/devices/009/watch-ultra-2-49mm-titanium.jpg,GPS + Cellular,,,,EXCELLENT,180.0,175.0,256.0
Smartwatches,Apple,Watch Ultra 2 49mm Titanium,A2986,https://www.sellcell.com/assets/images/devices/009/watch-ultra-2-49mm-titanium.jpg,GPS + Cellular,,,,POOR,37.0,35.0,152.0
Smartwatches,Apple,Watch Series 8 41mm Stainless Steel,A2772,https://www.sellcell.com/assets/images/devices/009/watch-series-8-41mm-stainless-steel.jpg,GPS Only,,,,EXCELLENT,0,0,85.0
Smartwatches,Apple,Watch Series 8 41mm Stainless Steel,A2772,https://www.sellcell.com/assets/images/devices/009/watch-series-8-41mm-stainless-steel.jpg,GPS Only,,,,GOOD,0,0,72.0
Smartwatches,Apple,Watch Series 8 41mm Stainless Steel,A2772,https://www.sellcell.com/assets/images/devices/009/watch-series-8-41mm-stainless-steel.jpg,GPS + Cellular,,,,GOOD,53.0,50.0,73.0
Smartwatches,Apple,Watch Series 3 38mm Stainless Steel,A1860,https://www.sellcell.com/assets/images/devices/007/watch-series-3-38mm-stainless-steel.jpg,GPS + Cellular,,,,POOR,0,0,0
Smartwatches,Apple,Watch Series 8 41mm Stainless Steel,A2772,https://www.sellcell.com/assets/images/devices/009/watch-series-8-41mm-stainless-steel.jpg,GPS Only,,,,POOR,0,0,40.0
Smartwatches,Apple,Watch Series 8 41mm Stainless Steel,A2772,https://www.sellcell.com/assets/images/devices/009/watch-series-8-41mm-stainless-steel.jpg,GPS + Cellular,,,,EXCELLENT,63.0,60.0,85.0
Smartwatches,Apple,Watch Series 3 38mm Stainless Steel,A1860,https://www.sellcell.com/assets/images/devices/007/watch-series-3-38mm-stainless-steel.jpg,GPS + Cellular,,,,BROKEN,0,0,0
Smartwatches,Apple,Watch Series 5 40mm Stainless Steel,A2094,https://www.sellcell.com/assets/images/devices/008/watch-series-5-40mm-stainless-steel.jpg,GPS Only,,,,BROKEN,0,0,1.0
Smartwatches,Apple,Watch Series 8 41mm Stainless Steel,A2772,https://www.sellcell.com/assets/images/devices/009/watch-series-8-41mm-stainless-steel.jpg,GPS Only,,,,BROKEN,0,0,11.0
Smartwatches,Apple,Watch Series 5 40mm Stainless Steel,A2094,https://www.sellcell.com/assets/images/devices/008/watch-series-5-40mm-stainless-steel.jpg,GPS + Cellular,,,,GOOD,8.0,7.0,18.0
Smartwatches,Apple,Watch Series 5 40mm Stainless Steel,A2094,https://www.sellcell.com/assets/images/devices/008/watch-series-5-40mm-stainless-steel.jpg,GPS Only,,,,POOR,0,0,4.0
Smartwatches,Apple,Watch Series 3 38mm Stainless Steel,A1860,https://www.sellcell.com/assets/images/devices/007/watch-series-3-38mm-stainless-steel.jpg,GPS + Cellular,,,,EXCELLENT,6.0,5.0,5.0
Smartwatches,Apple,Watch Series 5 40mm Stainless Steel,A2094,https://www.sellcell.com/assets/images/devices/008/watch-series-5-40mm-stainless-steel.jpg,GPS + Cellular,,,,BROKEN,0,0,10.0
Smartwatches,Apple,Watch Series 5 40mm Stainless Steel,A2094,https://www.sellcell.com/assets/images/devices/008/watch-series-5-40mm-stainless-steel.jpg,GPS + Cellular,,,,EXCELLENT,18.0,17.0,23.0
Smartwatches,Apple,Watch Series 3 38mm Stainless Steel,A1860,https://www.sellcell.com/assets/images/devices/007/watch-series-3-38mm-stainless-steel.jpg,GPS + Cellular,,,,GOOD,4.0,3.0,3.0
Smartwatches,Apple,Watch Series 7 41mm Stainless Steel,A2475,https://www.sellcell.com/assets/images/devices/009/watch-series-7-41mm-stainless-steel.jpg,GPS + Cellular,,,,EXCELLENT,42.0,40.0,59.0
Smartwatches,Apple,Watch Series 5 40mm Stainless Steel,A2094,https://www.sellcell.com/assets/images/devices/008/watch-series-5-40mm-stainless-steel.jpg,GPS + Cellular,,,,POOR,0,0,10.2
Smartwatches,Apple,Watch Series 5 40mm Stainless Steel,A2094,https://www.sellcell.com/assets/images/devices/008/watch-series-5-40mm-stainless-steel.jpg,GPS Only,,,,GOOD,0,0,12.0
Smartwatches,Apple,Watch Series 6 44mm Stainless Steel,A2294,https://www.sellcell.com/assets/images/devices/008/watch-series-6-44mm-stainless-steel.jpg,GPS + Cellular,,,,BROKEN,0,0,7.0
Smartwatches,Apple,Watch Series 6 44mm Stainless Steel,A2294,https://www.sellcell.com/assets/images/devices/008/watch-series-6-44mm-stainless-steel.jpg,GPS Only,,,,POOR,0,0,22.0
Smartwatches,Apple,Watch Series 6 44mm Stainless Steel,A2294,https://www.sellcell.com/assets/images/devices/008/watch-series-6-44mm-stainless-steel.jpg,GPS Only,,,,BROKEN,0,0,6.0
Smartwatches,Apple,Watch Series 5 40mm Stainless Steel,A2094,https://www.sellcell.com/assets/images/devices/008/watch-series-5-40mm-stainless-steel.jpg,GPS Only,,,,EXCELLENT,0,0,17.0
Smartwatches,Apple,Watch Series 6 44mm Stainless Steel,A2294,https://www.sellcell.com/assets/images/devices/008/watch-series-6-44mm-stainless-steel.jpg,GPS + Cellular,,,,POOR,0,0,23.0
Smartwatches,Apple,Watch Series 6 44mm Stainless Steel,A2294,https://www.sellcell.com/assets/images/devices/008/watch-series-6-44mm-stainless-steel.jpg,GPS + Cellular,,,,EXCELLENT,37.0,35.0,42.0
Smartwatches,Apple,Watch Series 6 44mm Stainless Steel,A2294,https://www.sellcell.com/assets/images/devices/008/watch-series-6-44mm-stainless-steel.jpg,GPS + Cellular,,,,GOOD,21.0,20.0,31.0
Smartwatches,Apple,Watch Series 3 42mm Stainless Steel,A1861,https://www.sellcell.com/assets/images/devices/007/watch-series-3-42mm-stainless-steel.jpg,GPS + Cellular,,,,EXCELLENT,7.0,6.0,6.0
Smartwatches,Apple,Watch Series 5 40mm Aluminium,A2092,https://www.sellcell.com/assets/images/devices/008/watch-series-5-40mm-aluminium.jpg,GPS + Cellular,,,,GOOD,3.0,2.0,27.0
Smartwatches,Apple,Watch Series 5 40mm Aluminium,A2092,https://www.sellcell.com/assets/images/devices/008/watch-series-5-40mm-aluminium.jpg,GPS + Cellular,,,,BROKEN,0,0,12.0
Smartwatches,Apple,Watch Series 6 44mm Stainless Steel,A2294,https://www.sellcell.com/assets/images/devices/008/watch-series-6-44mm-stainless-steel.jpg,GPS Only,,,,GOOD,0,0,29.75
Smartwatches,Apple,Watch Series 6 44mm Stainless Steel,A2294,https://www.sellcell.com/assets/images/devices/008/watch-series-6-44mm-stainless-steel.jpg,GPS Only,,,,EXCELLENT,0,0,41.0
Smartwatches,Apple,Watch Series 5 40mm Aluminium,A2092,https://www.sellcell.com/assets/images/devices/008/watch-series-5-40mm-aluminium.jpg,GPS + Cellular,,,,EXCELLENT,13.0,12.0,35.0
Smartwatches,Apple,Watch Series 5 40mm Aluminium,A2092,https://www.sellcell.com/assets/images/devices/008/watch-series-5-40mm-aluminium.jpg,GPS + Cellular,,,,POOR,0,0,12.0
Smartwatches,Apple,Watch Series 5 40mm Aluminium,A2092,https://www.sellcell.com/assets/images/devices/008/watch-series-5-40mm-aluminium.jpg,GPS Only,,,,BROKEN,0,0,12.0
Smartwatches,Apple,Watch Series 5 40mm Aluminium,A2092,https://www.sellcell.com/assets/images/devices/008/watch-series-5-40mm-aluminium.jpg,GPS Only,,,,EXCELLENT,11.0,10.0,31.0
Smartwatches,Apple,Watch Series 5 40mm Aluminium,A2092,https://www.sellcell.com/assets/images/devices/008/watch-series-5-40mm-aluminium.jpg,GPS Only,,,,POOR,0,0,12.0
Smartwatches,Apple,Watch Series 5 40mm Aluminium,A2092,https://www.sellcell.com/assets/images/devices/008/watch-series-5-40mm-aluminium.jpg,GPS Only,,,,GOOD,0,0,24.0
Smartwatches,Apple,Watch Nike Series 6 40mm,A2291,https://www.sellcell.com/assets/images/devices/008/watch-nike-series-6-40mm.jpg,GPS + Cellular,,,,POOR,0,0,0
Smartwatches,Apple,Watch Nike Series 6 40mm,A2291,https://www.sellcell.com/assets/images/devices/008/watch-nike-series-6-40mm.jpg,GPS Only,,,,BROKEN,0,0,0
Smartwatches,Apple,Watch Nike Series 6 40mm,A2291,https://www.sellcell.com/assets/images/devices/008/watch-nike-series-6-40mm.jpg,GPS Only,,,,EXCELLENT,27.0,25.0,25.0
Smartwatches,Apple,Watch Nike Series 6 40mm,A2291,https://www.sellcell.com/assets/images/devices/008/watch-nike-series-6-40mm.jpg,GPS + Cellular,,,,EXCELLENT,27.0,25.0,25.0
Smartwatches,Apple,Watch Nike Series 6 40mm,A2291,https://www.sellcell.com/assets/images/devices/008/watch-nike-series-6-40mm.jpg,GPS + Cellular,,,,GOOD,16.0,15.0,15.0
Smartwatches,Apple,Watch Nike Series 6 40mm,A2291,https://www.sellcell.com/assets/images/devices/008/watch-nike-series-6-40mm.jpg,GPS Only,,,,GOOD,16.0,15.0,15.0
Smartwatches,Apple,Watch Nike Series 6 40mm,A2291,https://www.sellcell.com/assets/images/devices/008/watch-nike-series-6-40mm.jpg,GPS + Cellular,,,,BROKEN,0,0,0
Smartwatches,Apple,Watch Nike Series 6 40mm,A2291,https://www.sellcell.com/assets/images/devices/008/watch-nike-series-6-40mm.jpg,GPS Only,,,,POOR,0,0,0
Smartwatches,Apple,Watch Series 9 45mm Stainless Steel,A2984,https://www.sellcell.com/assets/images/devices/009/watch-series-9-45mm-stainless-steel.jpg,GPS + Cellular,,,,POOR,6.0,5.0,81.0
Smartwatches,Apple,Watch Series 12 46mm Titanium,A3587,https://www.sellcell.com/assets/images/devices/009/watch-series-12-46mm-titanium.jpg,GPS + Cellular,,,,BROKEN,0,0,151.0
Smartwatches,Apple,Watch Hermes Series 4 40mm,A1975,https://www.sellcell.com/assets/images/devices/007/watch-hermes-series-4-40mm.jpg,,,,,EXCELLENT,27.0,25.0,25.0
Smartwatches,Apple,Watch Series 9 45mm Stainless Steel,A2984,https://www.sellcell.com/assets/images/devices/009/watch-series-9-45mm-stainless-steel.jpg,GPS + Cellular,,,,GOOD,83.0,80.0,108.0
Smartwatches,Apple,Watch Series 9 45mm Stainless Steel,A2984,https://www.sellcell.com/assets/images/devices/009/watch-series-9-45mm-stainless-steel.jpg,GPS + Cellular,,,,BROKEN,4.0,3.0,21.0
Smartwatches,Apple,Watch Hermes Series 4 40mm,A1975,https://www.sellcell.com/assets/images/devices/007/watch-hermes-series-4-40mm.jpg,,,,,GOOD,11.0,10.0,10.0
Smartwatches,Apple,Watch Hermes Series 4 40mm,A1975,https://www.sellcell.com/assets/images/devices/007/watch-hermes-series-4-40mm.jpg,,,,,POOR,0,0,0
Smartwatches,Apple,Watch Hermes Series 4 40mm,A1975,https://www.sellcell.com/assets/images/devices/007/watch-hermes-series-4-40mm.jpg,,,,,BROKEN,0,0,0
Smartwatches,Apple,Watch Nike Series 7 41mm,A2473,https://www.sellcell.com/assets/images/devices/009/watch-nike-series-7-41mm.jpg,GPS + Cellular,,,,GOOD,27.0,25.0,25.0
Smartwatches,Apple,Watch Nike Series 7 41mm,A2473,https://www.sellcell.com/assets/images/devices/009/watch-nike-series-7-41mm.jpg,GPS + Cellular,,,,POOR,2.0,1.0,1.0
Smartwatches,Apple,Watch Nike Series 7 41mm,A2473,https://www.sellcell.com/assets/images/devices/009/watch-nike-series-7-41mm.jpg,GPS + Cellular,,,,BROKEN,1.6,0.6,1.0
Smartwatches,Apple,Watch Series 9 45mm Stainless Steel,A2984,https://www.sellcell.com/assets/images/devices/009/watch-series-9-45mm-stainless-steel.jpg,GPS + Cellular,,,,EXCELLENT,98.0,95.0,153.0
Smartwatches,Apple,Watch Series 9 45mm Aluminium,A2980,https://www.sellcell.com/assets/images/devices/009/watch-series-9-45mm-aluminium.jpg,GPS + Cellular,,,,POOR,6.0,5.0,72.0
Smartwatches,Apple,Watch Series 9 45mm Stainless Steel,A2984,https://www.sellcell.com/assets/images/devices/009/watch-series-9-45mm-stainless-steel.jpg,GPS Only,,,,BROKEN,0,0,19.0
Smartwatches,Apple,Watch Series 9 45mm Stainless Steel,A2984,https://www.sellcell.com/assets/images/devices/009/watch-series-9-45mm-stainless-steel.jpg,GPS Only,,,,POOR,0,0,79.0
Smartwatches,Apple,Watch Series 9 45mm Aluminium,A2980,https://www.sellcell.com/assets/images/devices/009/watch-series-9-45mm-aluminium.jpg,GPS + Cellular,,,,BROKEN,4.0,3.0,19.0
Smartwatches,Apple,Watch Nike Series 7 41mm,A2473,https://www.sellcell.com/assets/images/devices/009/watch-nike-series-7-41mm.jpg,GPS + Cellular,,,,EXCELLENT,37.0,35.0,35.0
Smartwatches,Apple,Watch Nike Series 7 41mm,A2473,https://www.sellcell.com/assets/images/devices/009/watch-nike-series-7-41mm.jpg,GPS Only,,,,BROKEN,1.6,0.6,1.0
Smartwatches,Apple,Watch Series 9 45mm Aluminium,A2980,https://www.sellcell.com/assets/images/devices/009/watch-series-9-45mm-aluminium.jpg,GPS Only,,,,EXCELLENT,68.0,65.0,124.0
Smartwatches,Apple,Watch Series 9 45mm Aluminium,A2980,https://www.sellcell.com/assets/images/devices/009/watch-series-9-45mm-aluminium.jpg,GPS Only,,,,GOOD,53.0,50.0,106.0
Smartwatches,Apple,Watch Series 9 45mm Aluminium,A2980,https://www.sellcell.com/assets/images/devices/009/watch-series-9-45mm-aluminium.jpg,GPS + Cellular,,,,EXCELLENT,78.0,75.0,134.0
Smartwatches,Apple,Watch Series 9 45mm Aluminium,A2980,https://www.sellcell.com/assets/images/devices/009/watch-series-9-45mm-aluminium.jpg,GPS + Cellular,,,,GOOD,63.0,60.0,109.0
Smartwatches,Apple,Watch Series 9 45mm Aluminium,A2980,https://www.sellcell.com/assets/images/devices/009/watch-series-9-45mm-aluminium.jpg,GPS Only,,,,POOR,6.0,5.0,59.0
Smartwatches,Apple,Watch Series 9 45mm Aluminium,A2980,https://www.sellcell.com/assets/images/devices/009/watch-series-9-45mm-aluminium.jpg,GPS Only,,,,BROKEN,4.0,3.0,16.0
Smartwatches,Apple,Watch Series 9 45mm Stainless Steel,A2984,https://www.sellcell.com/assets/images/devices/009/watch-series-9-45mm-stainless-steel.jpg,GPS Only,,,,GOOD,0,0,106.25
Smartwatches,Apple,Watch Series 5 40mm Ceramic,A2094,https://www.sellcell.com/assets/images/devices/008/watch-series-5-40mm-ceramic.jpg,GPS + Cellular,,,,BROKEN,0,0,12.0
Smartwatches,Apple,Watch Nike Series 7 41mm,A2473,https://www.sellcell.com/assets/images/devices/009/watch-nike-series-7-41mm.jpg,GPS Only,,,,EXCELLENT,37.0,35.0,35.0
Smartwatches,Apple,Watch Nike Series 7 41mm,A2473,https://www.sellcell.com/assets/images/devices/009/watch-nike-series-7-41mm.jpg,GPS Only,,,,GOOD,27.0,25.0,25.0
Smartwatches,Apple,Watch Series 5 40mm Ceramic,A2094,https://www.sellcell.com/assets/images/devices/008/watch-series-5-40mm-ceramic.jpg,GPS + Cellular,,,,POOR,0,0,17.0
Smartwatches,Apple,Watch Series 9 45mm Stainless Steel,A2984,https://www.sellcell.com/assets/images/devices/009/watch-series-9-45mm-stainless-steel.jpg,GPS Only,,,,EXCELLENT,0,0,150.0
Smartwatches,Apple,Watch Nike Series 7 41mm,A2473,https://www.sellcell.com/assets/images/devices/009/watch-nike-series-7-41mm.jpg,GPS Only,,,,POOR,2.0,1.0,1.0
Smartwatches,Apple,Watch Series 5 40mm Ceramic,A2094,https://www.sellcell.com/assets/images/devices/008/watch-series-5-40mm-ceramic.jpg,GPS + Cellular,,,,EXCELLENT,0,0,23.0
Smartwatches,Apple,Watch Series 5 40mm Ceramic,A2094,https://www.sellcell.com/assets/images/devices/008/watch-series-5-40mm-ceramic.jpg,GPS Only,,,,POOR,0,0,5.0
Smartwatches,Apple,Watch Series 5 40mm Ceramic,A2094,https://www.sellcell.com/assets/images/devices/008/watch-series-5-40mm-ceramic.jpg,GPS Only,,,,BROKEN,0,0,1.0
Smartwatches,Apple,Watch Series 12 46mm Titanium,A3587,https://www.sellcell.com/assets/images/devices/009/watch-series-12-46mm-titanium.jpg,GPS + Cellular,,,,GOOD,0,0,391.0
Smartwatches,Apple,Watch Series 5 40mm Ceramic,A2094,https://www.sellcell.com/assets/images/devices/008/watch-series-5-40mm-ceramic.jpg,GPS Only,,,,GOOD,0,0,12.0
Smartwatches,Apple,Watch Series 12 46mm Titanium,A3587,https://www.sellcell.com/assets/images/devices/009/watch-series-12-46mm-titanium.jpg,GPS + Cellular,,,,POOR,0,0,340.0
Smartwatches,Apple,Watch Series 5 40mm Ceramic,A2094,https://www.sellcell.com/assets/images/devices/008/watch-series-5-40mm-ceramic.jpg,GPS Only,,,,EXCELLENT,0,0,19.0
Smartwatches,Apple,Watch Series 5 40mm Ceramic,A2094,https://www.sellcell.com/assets/images/devices/008/watch-series-5-40mm-ceramic.jpg,GPS + Cellular,,,,GOOD,0,0,18.0
Smartwatches,Apple,Watch Series 12 46mm Titanium,A3587,https://www.sellcell.com/assets/images/devices/009/watch-series-12-46mm-titanium.jpg,GPS + Cellular,,,,EXCELLENT,0,0,440.0
Smartwatches,Apple,Watch SE 40mm 2nd Gen (2022),A2722,https://www.sellcell.com/assets/images/devices/009/watch-se-40mm-2nd-gen-2022.jpg,GPS + Cellular,,,,POOR,0,0,25.0
