Category,Brand,Type,Name,Network,Capacity,Condition,Maximum_Price,Buybackworld_Price
Tablets,Samsung,Tablet,Galaxy Tab E 8.0,Wi-Fi + Cellular,32GB,POOR,,
Tablets,Samsung,Tablet,Galaxy Tab E 8.0,Wi-Fi + Cellular,32GB,GOOD,,
Tablets,Samsung,Tablet,Galaxy Tab Pro 10.1,,16GB,FAULTY,,
Tablets,Samsung,Tablet,Galaxy Tab Pro 10.1,,16GB,POOR,,
Tablets,Samsung,Tablet,Galaxy Tab E Lite 7.0 Kids,,8GB,FAULTY,0.5,0.5
Tablets,Samsung,Tablet,Galaxy Tab E 9.6,Wi-Fi + Cellular,16GB,POOR,,
Tablets,Samsung,Tablet,Galaxy Tab Pro 10.1,,16GB,GOOD,7,7
Tablets,Samsung,Tablet,Galaxy Tab E Lite 7.0 Kids,,8GB,POOR,0.5,0.5
Tablets,Samsung,Tablet,Galaxy Tab E 9.6,Wi-Fi + Cellular,16GB,FAULTY,,
Tablets,Samsung,Tablet,Galaxy Tab E 8.0,Wi-Fi + Cellular,32GB,MINT,,
Tablets,Samsung,Tablet,Q1,,,POOR,,
Tablets,Samsung,Tablet,Galaxy Tab 3 7.0 Kids,,8GB,FAULTY,,
Tablets,Samsung,Tablet,Q1,,,FAULTY,,
Tablets,Samsung,Tablet,Galaxy Tab 3 7.0 Kids,,8GB,POOR,,
Tablets,Samsung,Tablet,Galaxy Tab E 8.0,Wi-Fi + Cellular,32GB,FAULTY,,
Tablets,Samsung,Tablet,Galaxy Tab 8.9,Wi-Fi + Cellular,,FAULTY,,
Tablets,Samsung,Tablet,Galaxy Tab 3 7.0 Kids,,8GB,GOOD,5,5
Tablets,Samsung,Tablet,Ativ Tab Q,,,FAULTY,,
Tablets,Samsung,Tablet,Galaxy Tab Pro 12.2,Wi-Fi,32GB,MINT,18,15
Tablets,Samsung,Tablet,Q1,,,GOOD,10,10
Tablets,Samsung,Tablet,Galaxy Tab Pro 12.2,Wi-Fi,32GB,FAULTY,2,
Tablets,Samsung,Tablet,Q1,,,MINT,16,16
Tablets,Samsung,Tablet,Ativ Tab Q,,,GOOD,10,10
Tablets,Samsung,Tablet,Ativ Tab Q,,,POOR,,
Tablets,Samsung,Tablet,Galaxy Tab Pro 12.2,Wi-Fi,32GB,POOR,8,
Tablets,Samsung,Tablet,Galaxy Tab Pro 12.2,Wi-Fi,32GB,GOOD,12,10
Tablets,Samsung,Tablet,Galaxy Tab 3 7.0 Kids,,8GB,MINT,7,7
Tablets,Samsung,Tablet,Galaxy Tab 7.0 Plus,Wi-Fi,32GB,GOOD,5,5
Tablets,Samsung,Tablet,Galaxy Tab 7.0 Plus,Wi-Fi,16GB,FAULTY,,
Tablets,Samsung,Tablet,Galaxy Tab 7.0 Plus,Wi-Fi,32GB,FAULTY,,
Tablets,Samsung,Tablet,Ativ Tab Q,,,MINT,12,12
Tablets,Samsung,Tablet,Galaxy Tab 7.0 Plus,Wi-Fi,16GB,POOR,,
Tablets,Samsung,Tablet,Galaxy Tab 7.0 Plus,Wi-Fi,16GB,GOOD,3,3
Tablets,Samsung,Tablet,Galaxy Tab 7.0 Plus,Wi-Fi,32GB,MINT,7,7
Tablets,Samsung,Tablet,Galaxy Tab 8.9,Wi-Fi + Cellular,,MINT,,
Tablets,Samsung,Tablet,Galaxy Tab 7.0 Plus,Wi-Fi,32GB,POOR,,
Tablets,Samsung,Tablet,Galaxy Tab 7.0 Plus,Wi-Fi,16GB,MINT,5,5
Tablets,Samsung,Tablet,Ativ Tab 7,,128GB,MINT,10,10
Tablets,Samsung,Tablet,Ativ Tab 7,,128GB,FAULTY,,
Tablets,Samsung,Tablet,Galaxy Tab 8.9,Wi-Fi + Cellular,,POOR,,
Tablets,Samsung,Tablet,Ativ Tab 7,,128GB,GOOD,5,5
Tablets,Samsung,Tablet,Galaxy Tab 8.9,Wi-Fi + Cellular,,GOOD,,
Tablets,Samsung,Tablet,Ativ Tab 7,,128GB,POOR,,
Tablets,Samsung,Tablet,Galaxy Tab E 9.6,Wi-Fi + Cellular,16GB,GOOD,,
Tablets,Samsung,Tablet,Galaxy Tab 8.9,Wi-Fi,,POOR,,
Tablets,Samsung,Tablet,Galaxy Tab 8.9,Wi-Fi,,MINT,4,4
Tablets,Samsung,Tablet,Galaxy Tab 8.9,Wi-Fi,,FAULTY,,
Tablets,Samsung,Tablet,Galaxy Tab E NOOK 9.6,,,POOR,,
Tablets,Samsung,Tablet,Galaxy Tab 8.9,Wi-Fi,,GOOD,2,2
Tablets,Samsung,Tablet,Galaxy Tab E NOOK 9.6,,,FAULTY,,
Tablets,Samsung,Tablet,Galaxy Tab E 9.6,Wi-Fi + Cellular,16GB,MINT,,
Tablets,Samsung,Tablet,Galaxy Tab E Lite 7.0,,8GB,FAULTY,,
Tablets,Samsung,Tablet,Ativ Tab,,,GOOD,10,10
Tablets,Samsung,Tablet,Ativ Tab,,,FAULTY,,
Tablets,Samsung,Tablet,Ativ Tab,,,POOR,,
Tablets,Samsung,Tablet,Galaxy Tab E NOOK 9.6,,,GOOD,,
Tablets,Samsung,Tablet,Ativ Tab,,,MINT,12,12
Tablets,Samsung,Tablet,Galaxy Tab Pro 10.1,,16GB,MINT,10,10
Tablets,Samsung,Tablet,Galaxy Tab 10.1,Wi-Fi + Cellular,32GB,FAULTY,,
Tablets,Samsung,Tablet,Galaxy Tab E Lite 7.0,,8GB,POOR,,
Tablets,Samsung,Tablet,Galaxy Tab E Lite 7.0,,8GB,GOOD,1,1
Tablets,Samsung,Tablet,Galaxy Tab 10.1,Wi-Fi + Cellular,32GB,GOOD,1,1
Tablets,Samsung,Tablet,Galaxy Tab 10.1,Wi-Fi + Cellular,32GB,MINT,3,3
Tablets,Samsung,Tablet,Galaxy Tab 10.1,Wi-Fi + Cellular,16GB,FAULTY,,
Tablets,Samsung,Tablet,Galaxy Tab E Lite 7.0,,8GB,MINT,2,2
Tablets,Samsung,Tablet,Galaxy Tab E NOOK 9.6,,,MINT,,
Tablets,Samsung,Tablet,Google Nexus 10,,32GB,MINT,4,4
Tablets,Samsung,Tablet,Google Nexus 10,,32GB,POOR,,
Tablets,Samsung,Tablet,Galaxy Tab 10.1,Wi-Fi + Cellular,16GB,GOOD,1,1
Tablets,Samsung,Tablet,Google Nexus 10,,32GB,FAULTY,,
Tablets,Samsung,Tablet,Google Nexus 10,,32GB,GOOD,2,2
Tablets,Samsung,Tablet,Galaxy Tab 10.1,Wi-Fi + Cellular,32GB,POOR,,
Tablets,Samsung,Tablet,Galaxy Note Pro,Wi-Fi + Cellular,64GB,MINT,,
Tablets,Samsung,Tablet,Galaxy Note Pro,Wi-Fi + Cellular,64GB,GOOD,,
Tablets,Samsung,Tablet,Google Nexus 10,,16GB,FAULTY,,
Tablets,Samsung,Tablet,Google Nexus 10,,16GB,GOOD,1,1
Tablets,Samsung,Tablet,Galaxy Note Pro,Wi-Fi + Cellular,64GB,POOR,,
Tablets,Samsung,Tablet,Google Nexus 10,,16GB,MINT,3,3
Tablets,Samsung,Tablet,Galaxy Note Pro,Wi-Fi + Cellular,64GB,FAULTY,,
Tablets,Samsung,Tablet,Galaxy Note Pro,Wi-Fi,64GB,POOR,,
Tablets,Samsung,Tablet,Galaxy Note Pro,Wi-Fi,64GB,FAULTY,,
Tablets,Samsung,Tablet,Galaxy Note Pro,Wi-Fi + Cellular,32GB,GOOD,,
Tablets,Samsung,Tablet,Galaxy Note Pro,Wi-Fi + Cellular,32GB,POOR,,
Tablets,Samsung,Tablet,Google Nexus 10,,16GB,POOR,,
Tablets,Samsung,Tablet,Galaxy Note Pro,Wi-Fi,64GB,GOOD,1,1
Tablets,Samsung,Tablet,Galaxy Note Pro,Wi-Fi + Cellular,32GB,FAULTY,,
Tablets,Samsung,Tablet,Ativ Tab 5,,64GB,FAULTY,,
Tablets,Samsung,Tablet,Galaxy Note Pro,Wi-Fi,32GB,FAULTY,,
Tablets,Samsung,Tablet,Galaxy Note Pro,Wi-Fi,32GB,MINT,5,5
Tablets,Samsung,Tablet,Galaxy Note Pro,Wi-Fi,32GB,POOR,,
Tablets,Samsung,Tablet,Ativ Tab 5,,64GB,POOR,,
Tablets,Samsung,Tablet,Galaxy Note Pro,Wi-Fi,32GB,GOOD,,
Tablets,Samsung,Tablet,Galaxy Tab 10.1,Wi-Fi + Cellular,16GB,POOR,,
Tablets,Samsung,Tablet,Galaxy Note Pro,Wi-Fi,64GB,MINT,10,10
Tablets,Samsung,Tablet,Galaxy Note Pro,Wi-Fi + Cellular,32GB,MINT,,
Tablets,Samsung,Tablet,Galaxy Tab Pro 8.4,,16GB,FAULTY,,
Tablets,Samsung,Tablet,Ativ Tab 5,,64GB,GOOD,3,3
Tablets,Samsung,Tablet,Galaxy Tab E Lite 7.0 Kids,,8GB,GOOD,1,1
Tablets,Samsung,Tablet,Galaxy Tab E Lite 7.0 Kids,,8GB,MINT,2,2
Tablets,Samsung,Tablet,Galaxy Tab Pro 8.4,,16GB,POOR,,
Tablets,Samsung,Tablet,Galaxy Tab Pro 8.4,,16GB,MINT,5,5
Tablets,Samsung,Tablet,Galaxy Tab Pro 8.4,,16GB,GOOD,3,3
Tablets,Samsung,Tablet,Ativ Tab 5,,64GB,MINT,5,5
Tablets,Samsung,Tablet,Galaxy Tab Pro S,,256GB,GOOD,35,35
Tablets,Samsung,Tablet,Galaxy Tab Pro S,,256GB,POOR,5,5
Tablets,Samsung,Tablet,Galaxy Tab Pro S,,256GB,FAULTY,5,5
Tablets,Samsung,Tablet,Galaxy Tab Pro S,,128GB,FAULTY,5,5
Tablets,Samsung,Tablet,Q1 Ultra,,,FAULTY,,
Tablets,Samsung,Tablet,Galaxy Tab Pro S,,256GB,MINT,45,45
Tablets,Samsung,Tablet,Galaxy Tab Active,,16GB,FAULTY,,
Tablets,Samsung,Tablet,Galaxy Tab Active,,16GB,MINT,4,4
Tablets,Samsung,Tablet,Galaxy Tab A 8.4 (2020),Wi-Fi + Cellular,32GB,FAULTY,1,
Tablets,Samsung,Tablet,Galaxy Tab A 8.4 (2020),Wi-Fi + Cellular,32GB,POOR,4,
Tablets,Samsung,Tablet,Q1 Ultra,,,POOR,,
Tablets,Samsung,Tablet,Galaxy Tab Active,,16GB,POOR,,
Tablets,Samsung,Tablet,Galaxy Tab Active 2,Wi-Fi + Cellular,32GB,FAULTY,,
Tablets,Samsung,Tablet,Galaxy Tab Active,,16GB,GOOD,2,2
Tablets,Samsung,Tablet,Galaxy Tab A 8.0,Wi-Fi + Cellular,16GB,FAULTY,,
Tablets,Samsung,Tablet,Galaxy Tab A7 Lite,Wi-Fi + Cellular,64GB,FAULTY,1,
Tablets,Samsung,Tablet,Galaxy Tab A 8.0,Wi-Fi + Cellular,16GB,GOOD,,
Tablets,Samsung,Tablet,Galaxy Tab A 8.0,Wi-Fi + Cellular,16GB,MINT,,
Tablets,Samsung,Tablet,Galaxy Tab A 8.0,Wi-Fi,16GB,FAULTY,,
Tablets,Samsung,Tablet,Galaxy Tab A 8.0,Wi-Fi,16GB,POOR,,
Tablets,Samsung,Tablet,Galaxy Tab A 8.0,Wi-Fi + Cellular,16GB,POOR,,
Tablets,Samsung,Tablet,Galaxy Tab A7 Lite,Wi-Fi + Cellular,32GB,FAULTY,,
Tablets,Samsung,Tablet,Galaxy Tab A7 Lite,Wi-Fi,64GB,FAULTY,2,
Tablets,Samsung,Tablet,Galaxy Tab A7 Lite,Wi-Fi + Cellular,64GB,GOOD,13.5,
Tablets,Samsung,Tablet,Galaxy Tab A7 Lite,Wi-Fi + Cellular,32GB,GOOD,12.15,
Tablets,Samsung,Tablet,Galaxy Tab A7 Lite,Wi-Fi + Cellular,32GB,MINT,13.5,
Tablets,Samsung,Tablet,Galaxy Tab A7 Lite,Wi-Fi + Cellular,64GB,POOR,4,
Tablets,Samsung,Tablet,Galaxy Tab A7 Lite,Wi-Fi + Cellular,64GB,MINT,15,
Tablets,Samsung,Tablet,Galaxy Tab A7 Lite,Wi-Fi + Cellular,32GB,POOR,,
Tablets,Samsung,Tablet,Galaxy Tab 10.1,Wi-Fi + Cellular,16GB,MINT,3,3
Tablets,Samsung,Tablet,Galaxy Tab A7 Lite,Wi-Fi,64GB,POOR,6,
Tablets,Samsung,Tablet,Galaxy Tab A7 Lite,Wi-Fi,32GB,POOR,2,
Tablets,Samsung,Tablet,Galaxy Tab A7 Lite,Wi-Fi,64GB,GOOD,12.15,7
Tablets,Samsung,Tablet,Galaxy Tab A7 Lite,Wi-Fi,32GB,MINT,12.15,5
Tablets,Samsung,Tablet,Galaxy Tab A7 Lite,Wi-Fi,32GB,GOOD,10.94,2
Tablets,Samsung,Tablet,Galaxy Tab A 8.0 (2018),Wi-Fi + Cellular,32GB,FAULTY,,
Tablets,Samsung,Tablet,Galaxy Tab A7 Lite,Wi-Fi,64GB,MINT,13.5,10
Tablets,Samsung,Tablet,Galaxy Tab A7 Lite,Wi-Fi,32GB,FAULTY,1,
Tablets,Samsung,Tablet,Galaxy Tab A 8.0 (2018),Wi-Fi + Cellular,32GB,MINT,,
Tablets,Samsung,Tablet,Galaxy Tab A 8.0 (2018),Wi-Fi,32GB,MINT,10,
Tablets,Samsung,Tablet,Galaxy Tab A 8.0 (2018),Wi-Fi,32GB,GOOD,6,
Tablets,Samsung,Tablet,Galaxy Tab A 8.0 (2018),Wi-Fi,32GB,FAULTY,,
Tablets,Samsung,Tablet,Galaxy Tab A 8.0 (2018),Wi-Fi,32GB,POOR,,
Tablets,Samsung,Tablet,Galaxy Tab A 8.0 (2018),Wi-Fi + Cellular,32GB,POOR,,
Tablets,Samsung,Tablet,Galaxy Tab A 8.0,Wi-Fi,16GB,GOOD,1,1
Tablets,Samsung,Tablet,Galaxy Tab Active 2,Wi-Fi + Cellular,16GB,FAULTY,,
Tablets,Samsung,Tablet,Galaxy Tab Active 2,Wi-Fi + Cellular,32GB,GOOD,3,3
Tablets,Samsung,Tablet,Galaxy Tab Active 2,Wi-Fi + Cellular,32GB,POOR,,
Tablets,Samsung,Tablet,Galaxy Tab Active 2,Wi-Fi + Cellular,16GB,POOR,,
Tablets,Samsung,Tablet,Galaxy Tab A 8.4 (2020),Wi-Fi + Cellular,32GB,GOOD,7,
Tablets,Samsung,Tablet,Galaxy Tab A 8.0 (2018),Wi-Fi + Cellular,32GB,GOOD,,
Tablets,Samsung,Tablet,Galaxy Tab A 8.0,Wi-Fi,16GB,MINT,1,1
Tablets,Samsung,Tablet,Galaxy Tab A 10.5 (2018),Wi-Fi + Cellular,32GB,MINT,8,
Tablets,Samsung,Tablet,Galaxy Tab Active 2,Wi-Fi + Cellular,16GB,MINT,5,5
Tablets,Samsung,Tablet,Galaxy Tab A 10.5 (2018),Wi-Fi + Cellular,32GB,POOR,,
Tablets,Samsung,Tablet,Galaxy Tab A 10.5 (2018),Wi-Fi,32GB,FAULTY,,
Tablets,Samsung,Tablet,Galaxy Tab A 10.5 (2018),Wi-Fi,32GB,POOR,,
Tablets,Samsung,Tablet,Galaxy Tab Active 2,Wi-Fi + Cellular,32GB,MINT,6,6
Tablets,Samsung,Tablet,Galaxy Tab A 8.4 (2020),Wi-Fi + Cellular,32GB,MINT,8,
Tablets,Samsung,Tablet,Galaxy Tab A 10.5 (2018),Wi-Fi + Cellular,32GB,GOOD,5,
Tablets,Samsung,Tablet,Galaxy Tab A 10.5 (2018),Wi-Fi,32GB,MINT,8,7
Tablets,Samsung,Tablet,Galaxy Tab A 10.5 (2018),Wi-Fi,32GB,GOOD,5,4
Tablets,Samsung,Tablet,Galaxy Tab A 10.5 (2018),Wi-Fi + Cellular,32GB,FAULTY,,
Tablets,Samsung,Tablet,Galaxy Tab A 8.0 (2017),Wi-Fi,32GB,GOOD,2,2
Tablets,Samsung,Tablet,Galaxy Tab A 8.0 (2017),Wi-Fi,32GB,MINT,4,4
Tablets,Samsung,Tablet,Galaxy Tab A 8.0 (2017),Wi-Fi,32GB,POOR,,
Tablets,Samsung,Tablet,Galaxy Tab A 8.0 (2017),Wi-Fi,16GB,FAULTY,,
Tablets,Samsung,Tablet,Galaxy Tab A 8.0 (2017),Wi-Fi,16GB,POOR,,
Tablets,Samsung,Tablet,Galaxy Tab A 8.0 (2017),Wi-Fi,32GB,FAULTY,,
Tablets,Samsung,Tablet,Galaxy Tab A 8.0 (2017),Wi-Fi,16GB,GOOD,4,1
Tablets,Samsung,Tablet,Galaxy Tab A 8.0 (2017),Wi-Fi,16GB,MINT,8,2
Tablets,Samsung,Tablet,Galaxy Tab A 10.1 (2016),Wi-Fi + Cellular,,MINT,,
Tablets,Samsung,Tablet,Galaxy Tab A 10.1 (2016),Wi-Fi + Cellular,,FAULTY,,
Tablets,Samsung,Tablet,Galaxy Tab A 10.1 (2016),Wi-Fi + Cellular,,POOR,,
Tablets,Samsung,Tablet,Galaxy Tab A 10.1 (2016),Wi-Fi + Cellular,,GOOD,,
Tablets,Samsung,Tablet,Galaxy Tab A 10.1 (2016),Wi-Fi,,FAULTY,,
Tablets,Samsung,Tablet,Galaxy Tab A 10.1 (2016),Wi-Fi,,POOR,,
Tablets,Samsung,Tablet,Galaxy Tab Active 2,Wi-Fi + Cellular,16GB,GOOD,3,3
Tablets,Samsung,Tablet,Galaxy Tab A 10.1 (2016),Wi-Fi,,GOOD,1,1
Tablets,Samsung,Tablet,Galaxy Tab A 9.7,Wi-Fi,16GB,POOR,,
Tablets,Samsung,Tablet,Galaxy Tab A 10.1 (2016),Wi-Fi,,MINT,2,2
Tablets,Samsung,Tablet,Galaxy Tab A 9.7,Wi-Fi,16GB,MINT,3,3
Tablets,Samsung,Tablet,Q1 Ultra,,,GOOD,11,11
Tablets,Samsung,Tablet,Q1 Ultra,,,MINT,18,18
Tablets,Samsung,Tablet,Galaxy Tab A 9.7,Wi-Fi,16GB,GOOD,1,1
Tablets,Samsung,Tablet,Ativ Tab 3,,,POOR,2,2
Tablets,Samsung,Tablet,Galaxy Tab A 9.7,Wi-Fi,16GB,FAULTY,,
Tablets,Samsung,Tablet,Galaxy View2,Wi-Fi + Cellular,64GB,FAULTY,24,
Tablets,Samsung,Tablet,Ativ Tab 3,,,GOOD,20,20
Tablets,Samsung,Tablet,Galaxy View2,Wi-Fi + Cellular,64GB,POOR,72,
Tablets,Samsung,Tablet,Galaxy View2,Wi-Fi + Cellular,64GB,GOOD,118,
Tablets,Samsung,Tablet,Ativ Tab 3,,,MINT,25,25
Tablets,Samsung,Tablet,Galaxy View2,Wi-Fi + Cellular,64GB,MINT,147,
Tablets,Samsung,Tablet,Galaxy View2,Wi-Fi,64GB,POOR,61,
Tablets,Samsung,Tablet,Galaxy Book S,Wi-Fi + Cellular,256GB,POOR,,
Tablets,Samsung,Tablet,Galaxy View2,Wi-Fi,64GB,FAULTY,20,
Tablets,Samsung,Tablet,Galaxy Book S,Wi-Fi + Cellular,256GB,FAULTY,,
Tablets,Samsung,Tablet,Galaxy View2,Wi-Fi,64GB,GOOD,101,
Tablets,Samsung,Tablet,Galaxy Book S,Wi-Fi + Cellular,256GB,MINT,,
Tablets,Samsung,Tablet,Galaxy Book S,Wi-Fi + Cellular,256GB,GOOD,,
Tablets,Samsung,Tablet,Galaxy View2,Wi-Fi,64GB,MINT,126,
Tablets,Samsung,Tablet,Galaxy Book 12,Wi-Fi + Cellular,256GB,GOOD,50,50
Tablets,Samsung,Tablet,Galaxy Book 12,Wi-Fi + Cellular,256GB,MINT,60,60
Tablets,Samsung,Tablet,Galaxy Book 12,Wi-Fi + Cellular,256GB,POOR,,
Tablets,Samsung,Tablet,Galaxy Book 12,Wi-Fi + Cellular,128GB,FAULTY,,
Tablets,Samsung,Tablet,Galaxy Book 12,Wi-Fi + Cellular,256GB,FAULTY,,
Tablets,Samsung,Tablet,Galaxy Book 12,Wi-Fi + Cellular,128GB,POOR,,
Tablets,Samsung,Tablet,Galaxy Book 12,Wi-Fi + Cellular,128GB,GOOD,35,35
Tablets,Samsung,Tablet,Galaxy Book 12,Wi-Fi + Cellular,128GB,MINT,45,45
Tablets,Samsung,Tablet,Galaxy Tab Pro S,,128GB,POOR,5,5
Tablets,Samsung,Tablet,Galaxy Tab Pro S,,128GB,GOOD,30,30
Tablets,Samsung,Tablet,Galaxy Book 10.6,,128GB,POOR,,
Tablets,Samsung,Tablet,Galaxy Book 10.6,,128GB,GOOD,25,25
Tablets,Samsung,Tablet,Galaxy Tab Pro S,,128GB,MINT,40,40
Tablets,Samsung,Tablet,Galaxy Book 10.6,,128GB,FAULTY,,
Tablets,Samsung,Tablet,Galaxy Book 10.6,,128GB,MINT,35,35
Tablets,Samsung,Tablet,Galaxy Tab View 18.4,Wi-Fi + Cellular,64GB,POOR,,
Tablets,Samsung,Tablet,Galaxy Book 10.6,,64GB,POOR,,
Tablets,Samsung,Tablet,Galaxy Tab View 18.4,Wi-Fi + Cellular,64GB,GOOD,,
Tablets,Samsung,Tablet,Galaxy Book 10.6,,64GB,GOOD,20,20
Tablets,Samsung,Tablet,Galaxy Book 10.6,,64GB,MINT,30,30
Tablets,Samsung,Tablet,Galaxy Tab View 18.4,Wi-Fi + Cellular,64GB,FAULTY,,
Tablets,Samsung,Tablet,Galaxy Book 10.6,,64GB,FAULTY,,
Tablets,Samsung,Tablet,Galaxy Tab View 18.4,Wi-Fi + Cellular,64GB,MINT,,
Tablets,Samsung,Tablet,Galaxy Tab View 18.4,Wi-Fi,64GB,GOOD,,
Tablets,Samsung,Tablet,Galaxy Tab View 18.4,Wi-Fi,64GB,MINT,,
Tablets,Samsung,Tablet,Galaxy Tab View 18.4,Wi-Fi,64GB,FAULTY,,
Tablets,Samsung,Tablet,Galaxy Tab View 18.4,Wi-Fi + Cellular,32GB,POOR,,
Tablets,Samsung,Tablet,Galaxy Tab View 18.4,Wi-Fi,64GB,POOR,,
Tablets,Samsung,Tablet,Galaxy Tab View 18.4,Wi-Fi + Cellular,32GB,GOOD,,
Tablets,Samsung,Tablet,Galaxy Tab View 18.4,Wi-Fi + Cellular,32GB,MINT,,
Tablets,Samsung,Tablet,Galaxy Tab View 18.4,Wi-Fi,32GB,POOR,5,5
Tablets,Samsung,Tablet,Galaxy Tab View 18.4,Wi-Fi,32GB,MINT,75,75
Tablets,Samsung,Tablet,Galaxy Tab View 18.4,Wi-Fi,32GB,GOOD,60,60
Tablets,Samsung,Tablet,Galaxy Tab View 18.4,Wi-Fi,32GB,FAULTY,5,5
Tablets,Samsung,Tablet,Galaxy Tab View 18.4,Wi-Fi + Cellular,32GB,FAULTY,,
Tablets,Samsung,Tablet,Galaxy Tab A9,Wi-Fi + Cellular,64GB,POOR,,
Tablets,Samsung,Tablet,Galaxy Tab A 10.1 (2019),Wi-Fi + Cellular,128GB,FAULTY,1,
Tablets,Samsung,Tablet,Galaxy Tab A9,Wi-Fi + Cellular,64GB,FAULTY,,
Tablets,Samsung,Tablet,Galaxy Tab A7 10.4 (2020),Wi-Fi + Cellular,64GB,FAULTY,3,
Tablets,Samsung,Tablet,Galaxy Tab A8 10.5 (2021),Wi-Fi,128GB,GOOD,32,25
Tablets,Samsung,Tablet,Galaxy Tab A8 10.5 (2021),Wi-Fi,64GB,FAULTY,4,
Tablets,Samsung,Tablet,Galaxy Tab A9+ Kids Edition,Wi-Fi + Cellular,,POOR,25,
Tablets,Samsung,Tablet,Galaxy Tab A8 10.5 (2021),Wi-Fi,128GB,POOR,18,
Tablets,Samsung,Tablet,Galaxy Tab A8 10.5 (2021),Wi-Fi,128GB,MINT,45,35
Tablets,Samsung,Tablet,Galaxy Tab A8 10.5 (2021),Wi-Fi,128GB,FAULTY,6,
Tablets,Samsung,Tablet,Galaxy Tab A11+,Wi-Fi + Cellular,256GB,FAULTY,,
Tablets,Samsung,Tablet,Galaxy Tab A9+ Kids Edition,Wi-Fi + Cellular,,FAULTY,,
Tablets,Samsung,Tablet,Galaxy Tab S2 8.0,,32GB,POOR,,
Tablets,Samsung,Tablet,Galaxy Tab S 8.4,Wi-Fi + Cellular,16GB,FAULTY,,
Tablets,Samsung,Tablet,Galaxy Tab A9+ Kids Edition,Wi-Fi,,FAULTY,,
Tablets,Samsung,Tablet,Galaxy Tab A9+ Kids Edition,Wi-Fi,,POOR,23,
Tablets,Samsung,Tablet,Galaxy Tab A9+ Kids Edition,Wi-Fi + Cellular,,GOOD,42,
Tablets,Samsung,Tablet,Galaxy Tab S 8.4,Wi-Fi + Cellular,16GB,POOR,,
Tablets,Samsung,Tablet,Galaxy Tab A9+ Kids Edition,Wi-Fi + Cellular,,MINT,48,
Tablets,Samsung,Tablet,Galaxy Tab S2 8.0,,32GB,GOOD,1,1
Tablets,Samsung,Tablet,Galaxy Tab S 8.4,Wi-Fi,16GB,FAULTY,,
Tablets,Samsung,Tablet,Galaxy Tab S2 8.0,,32GB,MINT,3,3
Tablets,Samsung,Tablet,Galaxy Tab S 8.4,Wi-Fi + Cellular,16GB,MINT,,
Tablets,Samsung,Tablet,Galaxy Tab S 8.4,Wi-Fi,16GB,GOOD,1,1
Tablets,Samsung,Tablet,Galaxy Tab S 8.4,Wi-Fi,16GB,POOR,,
Tablets,Samsung,Tablet,Galaxy Tab S 8.4,Wi-Fi,16GB,MINT,2,2
Tablets,Samsung,Tablet,Galaxy Tab S2 8.0,,32GB,FAULTY,,
Tablets,Samsung,Tablet,Galaxy Tab S 8.4,Wi-Fi + Cellular,16GB,GOOD,,
Tablets,Samsung,Tablet,Galaxy Tab S2 NOOK 8.0,,32GB,FAULTY,,
Tablets,Samsung,Tablet,Galaxy Tab S2 9.7,Wi-Fi + Cellular,64GB,FAULTY,,
Tablets,Samsung,Tablet,Galaxy Tab S2 9.7,Wi-Fi + Cellular,64GB,POOR,,
Tablets,Samsung,Tablet,Galaxy Tab S2 9.7,Wi-Fi + Cellular,64GB,GOOD,,
Tablets,Samsung,Tablet,Galaxy Tab S2 NOOK 8.0,,32GB,POOR,,
Tablets,Samsung,Tablet,Galaxy Tab S2 NOOK 8.0,,32GB,MINT,3,3
Tablets,Samsung,Tablet,Galaxy Tab S2 NOOK 8.0,,32GB,GOOD,1,1
Tablets,Samsung,Tablet,Galaxy Tab S2 9.7,Wi-Fi + Cellular,64GB,MINT,,
Tablets,Samsung,Tablet,Galaxy Tab S2 9.7,Wi-Fi + Cellular,32GB,GOOD,2,2
Tablets,Samsung,Tablet,Galaxy Tab S2 9.7,Wi-Fi + Cellular,32GB,POOR,,
Tablets,Samsung,Tablet,Galaxy Tab S2 9.7,Wi-Fi,64GB,POOR,,
Tablets,Samsung,Tablet,Galaxy Tab S2 9.7,Wi-Fi,64GB,GOOD,3,3
Tablets,Samsung,Tablet,Galaxy Tab S2 9.7,Wi-Fi + Cellular,32GB,FAULTY,,
Tablets,Samsung,Tablet,Galaxy Tab S2 9.7,Wi-Fi + Cellular,32GB,MINT,4,4
Tablets,Samsung,Tablet,Galaxy Tab S2 9.7,Wi-Fi,64GB,FAULTY,,
Tablets,Samsung,Tablet,Galaxy Tab S2 9.7,Wi-Fi,64GB,MINT,5,5
Tablets,Samsung,Tablet,Galaxy Tab S2 9.7,Wi-Fi,32GB,FAULTY,,
Tablets,Samsung,Tablet,Galaxy Tab S2 9.7,Wi-Fi,32GB,MINT,4,4
Tablets,Samsung,Tablet,Galaxy Tab A9+ Kids Edition,Wi-Fi,,MINT,40,
Tablets,Samsung,Tablet,Galaxy Tab S2 9.7,Wi-Fi,32GB,POOR,,
Tablets,Samsung,Tablet,Galaxy Tab A9+ Kids Edition,Wi-Fi,,GOOD,33,
Tablets,Samsung,Tablet,Galaxy Tab A9+,Wi-Fi + Cellular,256GB,FAULTY,6,
Tablets,Samsung,Tablet,Galaxy Tab S2 9.7,Wi-Fi,32GB,GOOD,2,2
Tablets,Samsung,Tablet,Galaxy Tab A9+,Wi-Fi + Cellular,128GB,FAULTY,8,
Tablets,Samsung,Tablet,Galaxy Tab A9+,Wi-Fi + Cellular,256GB,GOOD,35,35
Tablets,Samsung,Tablet,Galaxy Tab A9+,Wi-Fi + Cellular,128GB,POOR,28,
Tablets,Samsung,Tablet,Galaxy Tab A9+,Wi-Fi + Cellular,256GB,MINT,45,45
Tablets,Samsung,Tablet,Galaxy Tab A9+,Wi-Fi + Cellular,128GB,MINT,66,35
Tablets,Samsung,Tablet,Galaxy Tab A9+,Wi-Fi + Cellular,64GB,FAULTY,7,
Tablets,Samsung,Tablet,Galaxy Tab A9+,Wi-Fi + Cellular,128GB,GOOD,58.5,25
Tablets,Samsung,Tablet,Galaxy Tab A9+,Wi-Fi + Cellular,256GB,POOR,17,
Tablets,Samsung,Tablet,Galaxy Tab A9+,Wi-Fi + Cellular,64GB,POOR,26,
Tablets,Samsung,Tablet,Galaxy Tab A9+,Wi-Fi,256GB,POOR,13,
Tablets,Samsung,Tablet,Galaxy Tab A9+,Wi-Fi,256GB,GOOD,30,30
Tablets,Samsung,Tablet,Galaxy Tab A9+,Wi-Fi + Cellular,64GB,MINT,55,25
Tablets,Samsung,Tablet,Galaxy Tab A9+,Wi-Fi,256GB,FAULTY,4,
Tablets,Samsung,Tablet,Galaxy Tab A9+,Wi-Fi + Cellular,64GB,GOOD,48.6,10
Tablets,Samsung,Tablet,Galaxy Tab A9+,Wi-Fi,128GB,FAULTY,6,
Tablets,Samsung,Tablet,Galaxy Tab A9+,Wi-Fi,256GB,MINT,40,40
Tablets,Samsung,Tablet,Galaxy Tab Active 5,Wi-Fi + Cellular,256GB,FAULTY,23,
Tablets,Samsung,Tablet,Galaxy Tab A9+,Wi-Fi,64GB,POOR,24,
Tablets,Samsung,Tablet,Galaxy Tab A9+,Wi-Fi,64GB,FAULTY,6,
Tablets,Samsung,Tablet,Galaxy Tab A9+,Wi-Fi,64GB,MINT,43,25
Tablets,Samsung,Tablet,Galaxy Tab A9+,Wi-Fi,128GB,GOOD,41.4,20
Tablets,Samsung,Tablet,Ativ Tab 3,,,FAULTY,2,2
Tablets,Samsung,Tablet,Galaxy Tab A9+,Wi-Fi,128GB,MINT,47,30
Tablets,Samsung,Tablet,Galaxy Tab A9+,Wi-Fi,64GB,GOOD,37.8,15
Tablets,Samsung,Tablet,Galaxy Tab A9+,Wi-Fi,128GB,POOR,26,
Tablets,Samsung,Tablet,Galaxy Tab Active 5,Wi-Fi + Cellular,128GB,FAULTY,21,
Tablets,Samsung,Tablet,Galaxy Tab Active 5,Wi-Fi + Cellular,256GB,GOOD,135,
Tablets,Samsung,Tablet,Galaxy Tab Active 5,Wi-Fi + Cellular,256GB,POOR,85,
Tablets,Samsung,Tablet,Galaxy Tab Active 5,Wi-Fi + Cellular,256GB,MINT,175,
Tablets,Samsung,Tablet,Galaxy Tab Active 5,Wi-Fi + Cellular,128GB,MINT,165,
Tablets,Samsung,Tablet,Galaxy Tab Active 5,Wi-Fi,128GB,GOOD,125,
Tablets,Samsung,Tablet,Galaxy Tab Active Pro,Wi-Fi + Cellular,64GB,FAULTY,,
Tablets,Samsung,Tablet,Galaxy Tab Active 5,Wi-Fi,256GB,GOOD,135,
Tablets,Samsung,Tablet,Galaxy Tab Active 5,Wi-Fi,128GB,MINT,165,
Tablets,Samsung,Tablet,Galaxy Tab Active 5,Wi-Fi + Cellular,128GB,GOOD,125,
Tablets,Samsung,Tablet,Galaxy Tab Active 5,Wi-Fi,256GB,POOR,85,
Tablets,Samsung,Tablet,Galaxy Tab Active 5,Wi-Fi,256GB,MINT,175,
Tablets,Samsung,Tablet,Galaxy Tab Active 5,Wi-Fi,128GB,POOR,75,
Tablets,Samsung,Tablet,Galaxy Tab Active 5,Wi-Fi,128GB,FAULTY,21,
Tablets,Samsung,Tablet,Galaxy Tab Active 3,Wi-Fi + Cellular,64GB,GOOD,30,30
Tablets,Samsung,Tablet,Galaxy Tab Active 3,Wi-Fi + Cellular,128GB,POOR,,
Tablets,Samsung,Tablet,Galaxy Tab Active 3,Wi-Fi + Cellular,128GB,FAULTY,,
Tablets,Samsung,Tablet,Galaxy Tab Active 3,Wi-Fi + Cellular,64GB,FAULTY,,
Tablets,Samsung,Tablet,Galaxy Tab Active 3,Wi-Fi + Cellular,128GB,MINT,50,50
Tablets,Samsung,Tablet,Galaxy Tab Active 3,Wi-Fi + Cellular,128GB,GOOD,40,40
Tablets,Samsung,Tablet,Galaxy Tab Active 3,Wi-Fi + Cellular,64GB,POOR,,
Tablets,Samsung,Tablet,Galaxy Tab Active 3,Wi-Fi + Cellular,64GB,MINT,40,40
Tablets,Samsung,Tablet,Galaxy Tab Active 5,Wi-Fi + Cellular,128GB,POOR,75,
Tablets,Samsung,Tablet,Galaxy Tab Active 3,Wi-Fi,128GB,MINT,45,45
Tablets,Samsung,Tablet,Galaxy Tab Active 3,Wi-Fi,64GB,FAULTY,,
Tablets,Samsung,Tablet,Galaxy Tab Active 3,Wi-Fi,64GB,MINT,35,35
Tablets,Samsung,Tablet,Galaxy Tab Active 3,Wi-Fi,128GB,FAULTY,,
Tablets,Samsung,Tablet,Galaxy Tab Active 3,Wi-Fi,64GB,POOR,,
Tablets,Samsung,Tablet,Galaxy Tab Active 3,Wi-Fi,128GB,POOR,,
Tablets,Samsung,Tablet,Galaxy Tab Active 3,Wi-Fi,64GB,GOOD,25,25
Tablets,Samsung,Tablet,Galaxy Tab Active 3,Wi-Fi,128GB,GOOD,35,35
Tablets,Samsung,Tablet,Galaxy Tab Active Pro,Wi-Fi,64GB,FAULTY,,
Tablets,Samsung,Tablet,Galaxy Tab Active 4 Pro,Wi-Fi + Cellular,128GB,FAULTY,,
Tablets,Samsung,Tablet,Galaxy Tab Active Pro,Wi-Fi + Cellular,64GB,POOR,,
Tablets,Samsung,Tablet,Galaxy Tab Active Pro,Wi-Fi,64GB,GOOD,20,20
Tablets,Samsung,Tablet,Galaxy Tab Active Pro,Wi-Fi + Cellular,64GB,MINT,35,35
Tablets,Samsung,Tablet,Galaxy Tab Active Pro,Wi-Fi,64GB,MINT,30,30
Tablets,Samsung,Tablet,Galaxy Tab Active Pro,Wi-Fi,64GB,POOR,,
Tablets,Samsung,Tablet,Galaxy Tab Active 4 Pro,Wi-Fi + Cellular,128GB,GOOD,90,
Tablets,Samsung,Tablet,Galaxy Tab Active 4 Pro,Wi-Fi + Cellular,64GB,POOR,25,
Tablets,Samsung,Tablet,Galaxy Tab Active 4 Pro,Wi-Fi + Cellular,64GB,GOOD,80,
Tablets,Samsung,Tablet,Galaxy Tab Active 4 Pro,Wi-Fi + Cellular,64GB,FAULTY,,
Tablets,Samsung,Tablet,Galaxy Tab Active Pro,Wi-Fi + Cellular,64GB,GOOD,25,25
Tablets,Samsung,Tablet,Galaxy Tab Active 4 Pro,Wi-Fi + Cellular,128GB,MINT,100,
Tablets,Samsung,Tablet,Galaxy Tab Active 4 Pro,Wi-Fi,128GB,GOOD,80,
Tablets,Samsung,Tablet,Galaxy Tab Active 4 Pro,Wi-Fi,128GB,POOR,35,
Tablets,Samsung,Tablet,Galaxy Tab Active 4 Pro,Wi-Fi + Cellular,64GB,MINT,90,
Tablets,Samsung,Tablet,Galaxy Tab A8 10.5 (2021),Wi-Fi,64GB,POOR,14,
Tablets,Samsung,Tablet,Galaxy Tab Active 4 Pro,Wi-Fi,128GB,MINT,90,
Tablets,Samsung,Tablet,Galaxy Tab Active 4 Pro,Wi-Fi,64GB,GOOD,69,
Tablets,Samsung,Tablet,Galaxy Tab Active 4 Pro,Wi-Fi,64GB,MINT,80,
Tablets,Samsung,Tablet,Galaxy Tab Active 4 Pro,Wi-Fi + Cellular,128GB,POOR,35,
Tablets,Samsung,Tablet,Galaxy Tab Active 4 Pro,Wi-Fi,128GB,FAULTY,,
Tablets,Samsung,Tablet,Galaxy Tab Active 4 Pro,Wi-Fi,64GB,FAULTY,,
Tablets,Samsung,Tablet,Galaxy Tab Active 4 Pro,Wi-Fi,64GB,POOR,25,
Tablets,Samsung,Tablet,Galaxy Tab A8 10.5 (2021),Wi-Fi,32GB,POOR,11,
Tablets,Samsung,Tablet,Galaxy Tab A8 10.5 (2021),Wi-Fi,64GB,MINT,40,30
Tablets,Samsung,Tablet,Galaxy Tab A11+,Wi-Fi + Cellular,256GB,POOR,33,
Tablets,Samsung,Tablet,Galaxy Tab A11+,Wi-Fi + Cellular,256GB,GOOD,55,
Tablets,Samsung,Tablet,Galaxy Tab A8 10.5 (2021),Wi-Fi,64GB,GOOD,29,20
Tablets,Samsung,Tablet,Galaxy Tab A8 10.5 (2021),Wi-Fi,32GB,GOOD,24,15
Tablets,Samsung,Tablet,Galaxy Tab A8 10.5 (2021),Wi-Fi,32GB,MINT,34,25
Tablets,Samsung,Tablet,Galaxy Tab A8 10.5 (2021),Wi-Fi,32GB,FAULTY,3,
Tablets,Samsung,Tablet,Galaxy Tab A11+,Wi-Fi,256GB,GOOD,50,
Tablets,Samsung,Tablet,Galaxy Tab A11+,Wi-Fi + Cellular,256GB,MINT,70,
Tablets,Samsung,Tablet,Galaxy Tab A11+,Wi-Fi + Cellular,128GB,FAULTY,5,
Tablets,Samsung,Tablet,Galaxy Tab A11+,Wi-Fi + Cellular,128GB,MINT,65,
Tablets,Samsung,Tablet,Galaxy Tab A11+,Wi-Fi + Cellular,128GB,POOR,30,
Tablets,Samsung,Tablet,Galaxy Tab A11+,Wi-Fi,128GB,POOR,25,
Tablets,Samsung,Tablet,Galaxy Tab A11+,Wi-Fi,256GB,MINT,65,
Tablets,Samsung,Tablet,Galaxy Tab A11+,Wi-Fi + Cellular,128GB,GOOD,50,
Tablets,Samsung,Tablet,Galaxy Tab A9,Wi-Fi + Cellular,64GB,GOOD,15,15
Tablets,Samsung,Tablet,Galaxy Tab A11+,Wi-Fi,128GB,FAULTY,5,
Tablets,Samsung,Tablet,Galaxy Tab A11+,Wi-Fi,128GB,MINT,60,
Tablets,Samsung,Tablet,Galaxy Tab A9,Wi-Fi + Cellular,64GB,MINT,20,20
Tablets,Samsung,Tablet,Galaxy Tab A11+,Wi-Fi,128GB,GOOD,45,
Tablets,Samsung,Tablet,Galaxy Tab A11+,Wi-Fi,256GB,FAULTY,5,
Tablets,Samsung,Tablet,Galaxy Tab A11+,Wi-Fi,256GB,POOR,30,
Tablets,Samsung,Tablet,Galaxy Tab A9,Wi-Fi,64GB,GOOD,10,10
Tablets,Samsung,Tablet,Galaxy Tab A9,Wi-Fi,64GB,MINT,15,15
Tablets,Samsung,Tablet,Galaxy Tab A 8.0 (2019),Wi-Fi,64GB,GOOD,8,2
Tablets,Samsung,Tablet,Galaxy Tab A 8.0 (2019),Wi-Fi,64GB,MINT,15,5
Tablets,Samsung,Tablet,Galaxy Tab A9,Wi-Fi,64GB,POOR,,
Tablets,Samsung,Tablet,Galaxy Tab A9,Wi-Fi,64GB,FAULTY,,
Tablets,Samsung,Tablet,Galaxy Tab A 8.0 (2019),Wi-Fi,64GB,FAULTY,,
Tablets,Samsung,Tablet,Galaxy Tab A 8.0 (2019),Wi-Fi,64GB,POOR,,
Tablets,Samsung,Tablet,Galaxy Tab A 10.1 (2019),Wi-Fi + Cellular,128GB,GOOD,8,
Tablets,Samsung,Tablet,Galaxy Tab A 8.0 (2019),Wi-Fi,32GB,MINT,10,2
Tablets,Samsung,Tablet,Galaxy Tab A 8.0 (2019),Wi-Fi,32GB,GOOD,5,1
Tablets,Samsung,Tablet,Galaxy Tab A 10.1 (2019),Wi-Fi + Cellular,64GB,FAULTY,,
Tablets,Samsung,Tablet,Galaxy Tab A 10.1 (2019),Wi-Fi + Cellular,128GB,POOR,4,
Tablets,Samsung,Tablet,Galaxy Tab A 10.1 (2019),Wi-Fi + Cellular,128GB,MINT,9,
Tablets,Samsung,Tablet,Galaxy Tab A 10.1 (2019),Wi-Fi + Cellular,64GB,POOR,,
Tablets,Samsung,Tablet,Galaxy Tab A 8.0 (2019),Wi-Fi,32GB,POOR,1,
Tablets,Samsung,Tablet,Galaxy Tab A 8.0 (2019),Wi-Fi,32GB,FAULTY,,
Tablets,Samsung,Tablet,Galaxy Tab A 10.1 (2019),Wi-Fi,128GB,FAULTY,1,
Tablets,Samsung,Tablet,Galaxy Tab A 10.1 (2019),Wi-Fi + Cellular,32GB,GOOD,,
Tablets,Samsung,Tablet,Galaxy Tab A 10.1 (2019),Wi-Fi + Cellular,32GB,MINT,7,
Tablets,Samsung,Tablet,Galaxy Tab A 10.1 (2019),Wi-Fi + Cellular,32GB,FAULTY,,
Tablets,Samsung,Tablet,Galaxy Tab A 10.1 (2019),Wi-Fi + Cellular,64GB,GOOD,,
Tablets,Samsung,Tablet,Galaxy Tab A 10.1 (2019),Wi-Fi + Cellular,64GB,MINT,8,
Tablets,Samsung,Tablet,Galaxy Tab A 10.1 (2019),Wi-Fi + Cellular,32GB,POOR,,
Tablets,Samsung,Tablet,Galaxy Tab A 10.1 (2019),Wi-Fi,64GB,FAULTY,1,
Tablets,Samsung,Tablet,Galaxy Tab A 10.1 (2019),Wi-Fi,64GB,MINT,16,5
Tablets,Samsung,Tablet,Galaxy Tab A 10.1 (2019),Wi-Fi,64GB,POOR,2,
Tablets,Samsung,Tablet,Galaxy Tab A 10.1 (2019),Wi-Fi,128GB,POOR,4,
Tablets,Samsung,Tablet,Galaxy Tab A 10.1 (2019),Wi-Fi,32GB,FAULTY,1,
Tablets,Samsung,Tablet,Galaxy Tab A7 10.4 (2020),Wi-Fi + Cellular,64GB,POOR,11,
Tablets,Samsung,Tablet,Galaxy Tab A7 10.4 (2020),Wi-Fi + Cellular,64GB,GOOD,19,
Tablets,Samsung,Tablet,Galaxy Tab A 10.1 (2019),Wi-Fi,32GB,POOR,2,
Tablets,Samsung,Tablet,Galaxy Tab A 10.1 (2019),Wi-Fi,128GB,GOOD,15,3
Tablets,Samsung,Tablet,Galaxy Tab A 10.1 (2019),Wi-Fi,32GB,MINT,12,4
Tablets,Samsung,Tablet,Galaxy Tab A7 10.4 (2020),Wi-Fi + Cellular,64GB,MINT,30,
Tablets,Samsung,Tablet,Galaxy Tab A 10.1 (2019),Wi-Fi,64GB,GOOD,11,3
Tablets,Samsung,Tablet,Galaxy Tab A 10.1 (2019),Wi-Fi,32GB,GOOD,7,2
Tablets,Samsung,Tablet,Galaxy Tab A7 10.4 (2020),Wi-Fi + Cellular,32GB,FAULTY,3,
Tablets,Samsung,Tablet,Galaxy Tab A7 10.4 (2020),Wi-Fi + Cellular,32GB,POOR,9,
Tablets,Samsung,Tablet,Galaxy Tab A 10.1 (2019),Wi-Fi,128GB,MINT,20,6
Tablets,Samsung,Tablet,Galaxy Tab A7 10.4 (2020),Wi-Fi,32GB,POOR,8,1
Tablets,Samsung,Tablet,Galaxy Tab A7 10.4 (2020),Wi-Fi + Cellular,32GB,GOOD,14,
Tablets,Samsung,Tablet,Galaxy Tab A7 10.4 (2020),Wi-Fi,64GB,GOOD,18,15
Tablets,Samsung,Tablet,Galaxy Tab A7 10.4 (2020),Wi-Fi + Cellular,32GB,MINT,18,
Tablets,Samsung,Tablet,Galaxy Tab A7 10.4 (2020),Wi-Fi,32GB,FAULTY,2,1
Tablets,Samsung,Tablet,Galaxy Tab A7 10.4 (2020),Wi-Fi,64GB,MINT,29,25
Tablets,Samsung,Tablet,Galaxy Tab A7 10.4 (2020),Wi-Fi,64GB,POOR,11,2
Tablets,Samsung,Tablet,Galaxy Tab A7 10.4 (2020),Wi-Fi,32GB,GOOD,15,10
Tablets,Samsung,Tablet,Galaxy Tab A7 10.4 (2020),Wi-Fi,32GB,MINT,25,15
Tablets,Samsung,Tablet,Galaxy Tab A7 10.4 (2020),Wi-Fi,64GB,FAULTY,3,2
Tablets,Samsung,Tablet,Galaxy Tab S 10.5,Wi-Fi + Cellular,32GB,MINT,,
Tablets,Samsung,Tablet,Galaxy Tab S6 Lite,Wi-Fi + Cellular,128GB,FAULTY,13,
Tablets,Samsung,Tablet,Galaxy Tab S 10.5,Wi-Fi + Cellular,32GB,FAULTY,,
Tablets,Samsung,Tablet,Galaxy Tab S4 10.5,Wi-Fi + Cellular,256GB,FAULTY,9,2
Tablets,Samsung,Tablet,Galaxy Tab S 10.5,Wi-Fi + Cellular,32GB,POOR,,
Tablets,Samsung,Tablet,Galaxy Tab S4 10.5,Wi-Fi + Cellular,256GB,POOR,31,2
Tablets,Samsung,Tablet,Galaxy Tab S4 10.5,Wi-Fi + Cellular,256GB,GOOD,42,25
Tablets,Samsung,Tablet,Galaxy Tab S8,Wi-Fi + Cellular,256GB,FAULTY,48,
Tablets,Samsung,Tablet,Galaxy Tab S 10.5,Wi-Fi + Cellular,32GB,GOOD,,
Tablets,Samsung,Tablet,Galaxy Tab S8,Wi-Fi + Cellular,256GB,POOR,111,
Tablets,Samsung,Tablet,Galaxy Tab S10 FE,Wi-Fi + Cellular,256GB,FAULTY,65,
Tablets,Samsung,Tablet,Galaxy Tab S8,Wi-Fi + Cellular,256GB,GOOD,153,
Tablets,Samsung,Tablet,Galaxy Tab S9 FE+,Wi-Fi,256GB,POOR,141,15
Tablets,Samsung,Tablet,Galaxy Tab S9 FE+,Wi-Fi,256GB,FAULTY,43,15
Tablets,Samsung,Tablet,Galaxy Tab S9,Wi-Fi + Cellular,256GB,FAULTY,40,
Tablets,Samsung,Tablet,Galaxy Tab S10 FE,Wi-Fi + Cellular,256GB,GOOD,180,
Tablets,Samsung,Tablet,Galaxy Tab S9,Wi-Fi + Cellular,256GB,POOR,166,
Tablets,Samsung,Tablet,Galaxy Tab S10 FE,Wi-Fi + Cellular,256GB,POOR,126,
Tablets,Samsung,Tablet,Galaxy Tab S10 FE,Wi-Fi + Cellular,256GB,MINT,201,
Tablets,Samsung,Tablet,Galaxy Tab S9,Wi-Fi + Cellular,256GB,MINT,256,
Tablets,Samsung,Tablet,Galaxy Tab S9,Wi-Fi + Cellular,128GB,GOOD,185,
Tablets,Samsung,Tablet,Galaxy Tab S9,Wi-Fi,256GB,MINT,256,200
Tablets,Samsung,Tablet,Galaxy Tab S9,Wi-Fi,256GB,POOR,166,25
Tablets,Samsung,Tablet,Galaxy Tab S9,Wi-Fi + Cellular,128GB,FAULTY,40,
Tablets,Samsung,Tablet,Galaxy Tab S9,Wi-Fi,128GB,FAULTY,40,20
Tablets,Samsung,Tablet,Galaxy Tab S9,Wi-Fi,256GB,GOOD,225,175
Tablets,Samsung,Tablet,Galaxy Tab S9,Wi-Fi + Cellular,128GB,MINT,231,
Tablets,Samsung,Tablet,Galaxy Tab S9 FE,Wi-Fi + Cellular,256GB,FAULTY,27,10
Tablets,Samsung,Tablet,Galaxy Tab S9,Wi-Fi + Cellular,128GB,POOR,141,
Tablets,Samsung,Tablet,Galaxy Tab S9,Wi-Fi,256GB,FAULTY,41,25
Tablets,Samsung,Tablet,Galaxy Tab S9,Wi-Fi,128GB,MINT,231,185
Tablets,Samsung,Tablet,Galaxy Tab S10 FE,Wi-Fi + Cellular,128GB,GOOD,170,
Tablets,Samsung,Tablet,Galaxy Tab S10 FE,Wi-Fi + Cellular,128GB,POOR,116,
Tablets,Samsung,Tablet,Galaxy Tab S9,Wi-Fi,128GB,GOOD,200,160
Tablets,Samsung,Tablet,Galaxy Tab S10 FE,Wi-Fi,256GB,FAULTY,60,
Tablets,Samsung,Tablet,Galaxy Tab S10 FE,Wi-Fi + Cellular,128GB,MINT,191,
Tablets,Samsung,Tablet,Galaxy Tab S9,Wi-Fi,128GB,POOR,141,20
Tablets,Samsung,Tablet,Galaxy Tab S10 FE,Wi-Fi + Cellular,128GB,FAULTY,60,
Tablets,Samsung,Tablet,Galaxy Tab S10 FE,Wi-Fi,128GB,MINT,186,
Tablets,Samsung,Tablet,Galaxy Tab S10 FE,Wi-Fi,256GB,POOR,116,
Tablets,Samsung,Tablet,Galaxy Tab S10 FE,Wi-Fi,256GB,MINT,196,
Tablets,Samsung,Tablet,Galaxy Tab S10 Lite,Wi-Fi + Cellular,256GB,FAULTY,25,15
Tablets,Samsung,Tablet,Galaxy Tab S10 FE,Wi-Fi,128GB,POOR,106,
Tablets,Samsung,Tablet,Galaxy Tab S10 FE,Wi-Fi,256GB,GOOD,165,
Tablets,Samsung,Tablet,Galaxy Tab S10 FE,Wi-Fi,128GB,FAULTY,55,
Tablets,Samsung,Tablet,Galaxy Tab S10 Lite,Wi-Fi + Cellular,256GB,GOOD,140,140
Tablets,Samsung,Tablet,Galaxy Tab S10 Lite,Wi-Fi + Cellular,256GB,POOR,88,15
Tablets,Samsung,Tablet,Galaxy Tab S10 Lite,Wi-Fi + Cellular,256GB,MINT,160,160
Tablets,Samsung,Tablet,Galaxy Tab S10 Lite,Wi-Fi + Cellular,128GB,FAULTY,20,15
Tablets,Samsung,Tablet,Galaxy Tab S10 Lite,Wi-Fi + Cellular,128GB,POOR,85,15
Tablets,Samsung,Tablet,Galaxy Tab S10 Lite,Wi-Fi,256GB,FAULTY,20,
Tablets,Samsung,Tablet,Galaxy Tab S10 FE,Wi-Fi,128GB,GOOD,155,
Tablets,Samsung,Tablet,Galaxy Tab S10 Lite,Wi-Fi + Cellular,128GB,GOOD,130,130
Tablets,Samsung,Tablet,Galaxy Tab S10 Lite,Wi-Fi,128GB,POOR,85,15
Tablets,Samsung,Tablet,Galaxy Tab S10 Lite,Wi-Fi + Cellular,128GB,MINT,150,150
Tablets,Samsung,Tablet,Galaxy Tab S10 Lite,Wi-Fi,256GB,POOR,88,
Tablets,Samsung,Tablet,Galaxy Tab S10 Lite,Wi-Fi,256GB,MINT,136,
Tablets,Samsung,Tablet,Galaxy Tab S9 FE+,Wi-Fi,256GB,GOOD,185,150
Tablets,Samsung,Tablet,Galaxy Tab S10 Lite,Wi-Fi,128GB,FAULTY,18,15
Tablets,Samsung,Tablet,Galaxy Tab S10 Lite,Wi-Fi,128GB,MINT,131,130
Tablets,Samsung,Tablet,Galaxy Tab S10 Lite,Wi-Fi,128GB,GOOD,110,110
Tablets,Samsung,Tablet,Galaxy Tab S9 FE+,Wi-Fi,256GB,MINT,226,175
Tablets,Samsung,Tablet,Galaxy Tab S9 FE+,Wi-Fi,128GB,FAULTY,38,10
Tablets,Samsung,Tablet,Galaxy Tab S7,Wi-Fi + Cellular,512GB,GOOD,170,
Tablets,Samsung,Tablet,Galaxy Tab S9 FE+,Wi-Fi,128GB,MINT,201,140
Tablets,Samsung,Tablet,Galaxy Tab S10 Lite,Wi-Fi,256GB,GOOD,108,
Tablets,Samsung,Tablet,Galaxy Tab S9 FE+,Wi-Fi,128GB,GOOD,160,115
Tablets,Samsung,Tablet,Galaxy Tab S9 FE+,Wi-Fi,128GB,POOR,116,10
Tablets,Samsung,Tablet,Galaxy Tab S7,Wi-Fi + Cellular,512GB,POOR,125,
Tablets,Samsung,Tablet,Galaxy Tab S7,Wi-Fi + Cellular,512GB,FAULTY,40,
Tablets,Samsung,Tablet,Galaxy Tab S7,Wi-Fi + Cellular,256GB,GOOD,140,
Tablets,Samsung,Tablet,Galaxy Tab S7,Wi-Fi + Cellular,256GB,FAULTY,30,
Tablets,Samsung,Tablet,Galaxy Tab S7,Wi-Fi + Cellular,256GB,POOR,110,
Tablets,Samsung,Tablet,Galaxy Tab S7,Wi-Fi + Cellular,256GB,MINT,168,
Tablets,Samsung,Tablet,Galaxy Tab S7,Wi-Fi + Cellular,128GB,POOR,96,
Tablets,Samsung,Tablet,Galaxy Tab S7,Wi-Fi + Cellular,512GB,MINT,191,
Tablets,Samsung,Tablet,Galaxy Tab S7,Wi-Fi + Cellular,128GB,GOOD,125,
Tablets,Samsung,Tablet,Galaxy Tab S7,Wi-Fi + Cellular,128GB,MINT,154,
Tablets,Samsung,Tablet,Galaxy Tab S7,Wi-Fi,256GB,GOOD,111,100
Tablets,Samsung,Tablet,Galaxy Tab S7,Wi-Fi,512GB,POOR,86,25
Tablets,Samsung,Tablet,Galaxy Tab S7,Wi-Fi,256GB,FAULTY,22,20
Tablets,Samsung,Tablet,Galaxy Tab S7,Wi-Fi,512GB,FAULTY,30,25
Tablets,Samsung,Tablet,Galaxy Tab S7,Wi-Fi,512GB,MINT,171,125
Tablets,Samsung,Tablet,Galaxy Tab S7,Wi-Fi,256GB,POOR,71,20
Tablets,Samsung,Tablet,Galaxy Tab S7,Wi-Fi,512GB,GOOD,150,95
Tablets,Samsung,Tablet,Galaxy Tab S9,Wi-Fi + Cellular,256GB,GOOD,227,
Tablets,Samsung,Tablet,Galaxy Tab S7,Wi-Fi,128GB,MINT,117,105
Tablets,Samsung,Tablet,Galaxy Tab S7,Wi-Fi,128GB,GOOD,95,85
Tablets,Samsung,Tablet,Galaxy Tab S7+,Wi-Fi + Cellular,512GB,FAULTY,70,
Tablets,Samsung,Tablet,Galaxy Tab S7,Wi-Fi,256GB,MINT,132,120
Tablets,Samsung,Tablet,Galaxy Tab S7,Wi-Fi,128GB,FAULTY,19,15
Tablets,Samsung,Tablet,Galaxy Tab S7,Wi-Fi,128GB,POOR,58,15
Tablets,Samsung,Tablet,Galaxy Tab S7+,Wi-Fi + Cellular,512GB,POOR,175,
Tablets,Samsung,Tablet,Galaxy Tab S7+,Wi-Fi + Cellular,256GB,FAULTY,55,
Tablets,Samsung,Tablet,Galaxy Tab S7+,Wi-Fi + Cellular,128GB,POOR,100,
Tablets,Samsung,Tablet,Galaxy Tab S7+,Wi-Fi + Cellular,128GB,GOOD,130,
Tablets,Samsung,Tablet,Galaxy Tab S7+,Wi-Fi + Cellular,256GB,MINT,196,
Tablets,Samsung,Tablet,Galaxy Tab S7+,Wi-Fi + Cellular,256GB,POOR,150,
Tablets,Samsung,Tablet,Galaxy Tab S7+,Wi-Fi + Cellular,128GB,FAULTY,45,
Tablets,Samsung,Tablet,Galaxy Tab S7+,Wi-Fi + Cellular,256GB,GOOD,175,
Tablets,Samsung,Tablet,Galaxy Tab S7,Wi-Fi + Cellular,128GB,FAULTY,25,
Tablets,Samsung,Tablet,Galaxy Tab S7+,Wi-Fi + Cellular,512GB,GOOD,200,
Tablets,Samsung,Tablet,Galaxy Tab S7+,Wi-Fi,256GB,FAULTY,45,30
Tablets,Samsung,Tablet,Galaxy Tab S7+,Wi-Fi,512GB,MINT,217,205
Tablets,Samsung,Tablet,Galaxy Tab S7+,Wi-Fi,512GB,POOR,155,35
Tablets,Samsung,Tablet,Galaxy Tab S7+,Wi-Fi,512GB,GOOD,186,175
Tablets,Samsung,Tablet,Galaxy Tab S7+,Wi-Fi + Cellular,128GB,MINT,151,
Tablets,Samsung,Tablet,Galaxy Tab S7+,Wi-Fi + Cellular,512GB,MINT,221,
Tablets,Samsung,Tablet,Galaxy Tab S7+,Wi-Fi,512GB,FAULTY,60,35
Tablets,Samsung,Tablet,Galaxy Tab S7+,Wi-Fi,256GB,POOR,130,30
Tablets,Samsung,Tablet,Galaxy Tab S7+,Wi-Fi,128GB,FAULTY,35,20
Tablets,Samsung,Tablet,Galaxy Tab S7+,Wi-Fi,128GB,MINT,127,115
Tablets,Samsung,Tablet,Galaxy Tab S7+,Wi-Fi,128GB,POOR,81,20
Tablets,Samsung,Tablet,Galaxy Tab S7+,Wi-Fi,128GB,GOOD,108,95
Tablets,Samsung,Tablet,Galaxy Tab S7+,Wi-Fi,256GB,GOOD,155,135
Tablets,Samsung,Tablet,Galaxy Tab S7 FE,Wi-Fi + Cellular,128GB,GOOD,120,
Tablets,Samsung,Tablet,Galaxy Tab S7 FE,Wi-Fi + Cellular,256GB,GOOD,140,
Tablets,Samsung,Tablet,Galaxy Tab S7 FE,Wi-Fi + Cellular,64GB,FAULTY,18,
Tablets,Samsung,Tablet,Galaxy Tab S7 FE,Wi-Fi + Cellular,128GB,MINT,131,
Tablets,Samsung,Tablet,Galaxy Tab S7 FE,Wi-Fi + Cellular,256GB,MINT,151,
Tablets,Samsung,Tablet,Galaxy Tab S7 FE,Wi-Fi + Cellular,64GB,POOR,71,
Tablets,Samsung,Tablet,Galaxy Tab S7 FE,Wi-Fi + Cellular,128GB,POOR,90,
Tablets,Samsung,Tablet,Galaxy Tab S7 FE,Wi-Fi + Cellular,128GB,FAULTY,22,
Tablets,Samsung,Tablet,Galaxy Tab S7 FE,Wi-Fi + Cellular,256GB,FAULTY,26,
Tablets,Samsung,Tablet,Galaxy Tab S7 FE,Wi-Fi + Cellular,256GB,POOR,110,
Tablets,Samsung,Tablet,Galaxy Tab S7 FE,Wi-Fi,256GB,POOR,90,7
Tablets,Samsung,Tablet,Galaxy Tab S7 FE,Wi-Fi,128GB,FAULTY,18,7
Tablets,Samsung,Tablet,Galaxy Tab S7 FE,Wi-Fi,64GB,POOR,51,7
Tablets,Samsung,Tablet,Galaxy Tab S7 FE,Wi-Fi,256GB,FAULTY,22,7
Tablets,Samsung,Tablet,Galaxy Tab S7 FE,Wi-Fi,128GB,GOOD,100,55
Tablets,Samsung,Tablet,Galaxy Tab S7+,Wi-Fi,256GB,MINT,177,165
Tablets,Samsung,Tablet,Galaxy Tab S7 FE,Wi-Fi + Cellular,64GB,MINT,111,
Tablets,Samsung,Tablet,Galaxy Tab S7 FE,Wi-Fi,256GB,MINT,131,80
Tablets,Samsung,Tablet,Galaxy Tab S7 FE,Wi-Fi,64GB,FAULTY,13,7
Tablets,Samsung,Tablet,Galaxy Tab S7 FE,Wi-Fi,128GB,MINT,111,65
Tablets,Samsung,Tablet,Galaxy Tab S7 FE,Wi-Fi + Cellular,64GB,GOOD,100,
Tablets,Samsung,Tablet,Galaxy Tab S7 FE,Wi-Fi,256GB,GOOD,120,70
Tablets,Samsung,Tablet,Galaxy Tab S7 FE,Wi-Fi,64GB,GOOD,80,60
Tablets,Samsung,Tablet,Galaxy Tab S8,Wi-Fi + Cellular,128GB,FAULTY,43,
Tablets,Samsung,Tablet,Galaxy Tab S7 FE,Wi-Fi,128GB,POOR,71,7
Tablets,Samsung,Tablet,Galaxy Tab S8,Wi-Fi + Cellular,128GB,GOOD,139.5,
Tablets,Samsung,Tablet,Galaxy Tab S8,Wi-Fi + Cellular,128GB,MINT,166,
Tablets,Samsung,Tablet,Galaxy Tab S8,Wi-Fi,256GB,FAULTY,48,35
Tablets,Samsung,Tablet,Galaxy Tab S8,Wi-Fi + Cellular,256GB,MINT,186,
Tablets,Samsung,Tablet,Galaxy Tab S8,Wi-Fi,256GB,POOR,111,35
Tablets,Samsung,Tablet,Galaxy Tab S8,Wi-Fi + Cellular,128GB,POOR,91,
Tablets,Samsung,Tablet,Galaxy Tab S8,Wi-Fi,256GB,MINT,188,180
Tablets,Samsung,Tablet,Galaxy Tab S8,Wi-Fi,256GB,GOOD,157,150
Tablets,Samsung,Tablet,Galaxy Tab S9 FE,Wi-Fi + Cellular,256GB,POOR,81,10
Tablets,Samsung,Tablet,Galaxy Tab S9 FE,Wi-Fi + Cellular,256GB,GOOD,115,115
Tablets,Samsung,Tablet,Galaxy Tab S8,Wi-Fi,128GB,MINT,173,165
Tablets,Samsung,Tablet,Galaxy Tab S7 FE,Wi-Fi,64GB,MINT,96,70
Tablets,Samsung,Tablet,Galaxy Tab S8,Wi-Fi,128GB,POOR,91,30
Tablets,Samsung,Tablet,Galaxy Tab S8,Wi-Fi,128GB,FAULTY,43,30
Tablets,Samsung,Tablet,Galaxy Tab S8,Wi-Fi,128GB,GOOD,142,135
Tablets,Samsung,Tablet,Galaxy Tab S9 FE,Wi-Fi + Cellular,128GB,MINT,131,110
Tablets,Samsung,Tablet,Galaxy Tab S9 FE,Wi-Fi + Cellular,128GB,POOR,71,10
Tablets,Samsung,Tablet,Galaxy Tab S9 FE,Wi-Fi + Cellular,128GB,GOOD,105,95
Tablets,Samsung,Tablet,Galaxy Tab S9 FE,Wi-Fi + Cellular,128GB,FAULTY,22,10
Tablets,Samsung,Tablet,Galaxy Tab S9 FE,Wi-Fi,256GB,FAULTY,22,10
Tablets,Samsung,Tablet,Galaxy Tab S9 FE,Wi-Fi,128GB,MINT,116,100
Tablets,Samsung,Tablet,Galaxy Tab S4 10.5,Wi-Fi + Cellular,256GB,MINT,50,35
Tablets,Samsung,Tablet,Galaxy Tab S9 FE,Wi-Fi,128GB,GOOD,92,85
Tablets,Samsung,Tablet,Galaxy Tab S4 10.5,Wi-Fi + Cellular,64GB,FAULTY,7,2
Tablets,Samsung,Tablet,Galaxy Tab S9 FE,Wi-Fi,256GB,MINT,126,120
Tablets,Samsung,Tablet,Galaxy Tab S9 FE,Wi-Fi,128GB,POOR,57,10
Tablets,Samsung,Tablet,Galaxy Tab S9 FE,Wi-Fi + Cellular,256GB,MINT,141,130
Tablets,Samsung,Tablet,Galaxy Tab S9 FE,Wi-Fi,256GB,GOOD,105,105
Tablets,Samsung,Tablet,Galaxy Tab S9 FE,Wi-Fi,256GB,POOR,66,10
Tablets,Samsung,Tablet,Galaxy Tab S4 10.5,Wi-Fi + Cellular,64GB,GOOD,32,15
Tablets,Samsung,Tablet,Galaxy Tab S4 10.5,Wi-Fi + Cellular,64GB,POOR,19,2
Tablets,Samsung,Tablet,Galaxy Tab S4 10.5,Wi-Fi + Cellular,64GB,MINT,40,25
Tablets,Samsung,Tablet,Galaxy Tab S4 10.5,Wi-Fi,256GB,MINT,45,20
Tablets,Samsung,Tablet,Galaxy Tab S4 10.5,Wi-Fi,64GB,FAULTY,6,2
Tablets,Samsung,Tablet,Galaxy Tab S4 10.5,Wi-Fi,256GB,GOOD,40,12
Tablets,Samsung,Tablet,Galaxy Tab S4 10.5,Wi-Fi,256GB,POOR,28,2
Tablets,Samsung,Tablet,Galaxy Tab S4 10.5,Wi-Fi,64GB,GOOD,28,12
Tablets,Samsung,Tablet,Galaxy Tab S6 Lite,Wi-Fi + Cellular,128GB,POOR,45,
Tablets,Samsung,Tablet,Galaxy Tab S6 Lite,Wi-Fi + Cellular,128GB,GOOD,67,
Tablets,Samsung,Tablet,Galaxy Tab S6 Lite,Wi-Fi + Cellular,64GB,FAULTY,11,
Tablets,Samsung,Tablet,Galaxy Tab S4 10.5,Wi-Fi,64GB,POOR,17,2
Tablets,Samsung,Tablet,Galaxy Tab S4 10.5,Wi-Fi,64GB,MINT,35,20
Tablets,Samsung,Tablet,Galaxy Tab S4 10.5,Wi-Fi,256GB,FAULTY,8,2
Tablets,Samsung,Tablet,Galaxy Tab S6 Lite,Wi-Fi + Cellular,128GB,MINT,84,
Tablets,Samsung,Tablet,Galaxy Tab S6 Lite,Wi-Fi + Cellular,64GB,POOR,35,
Tablets,Samsung,Tablet,Galaxy Tab S6 Lite,Wi-Fi + Cellular,64GB,GOOD,57.6,
Tablets,Samsung,Tablet,Galaxy Tab S6 Lite,Wi-Fi,64GB,POOR,28,3
Tablets,Samsung,Tablet,Galaxy Tab S6 Lite,Wi-Fi,128GB,GOOD,65,65
Tablets,Samsung,Tablet,Galaxy Tab S6 Lite,Wi-Fi,128GB,MINT,75,75
Tablets,Samsung,Tablet,Galaxy Tab S6 Lite,Wi-Fi,64GB,FAULTY,9,3
Tablets,Samsung,Tablet,Galaxy Tab S6 Lite,Wi-Fi,128GB,FAULTY,11,5
Tablets,Samsung,Tablet,Galaxy Tab S6 Lite,Wi-Fi,128GB,POOR,35,5
Tablets,Samsung,Tablet,Galaxy Tab S3 9.7,Wi-Fi + Cellular,32GB,FAULTY,,
Tablets,Samsung,Tablet,Galaxy Tab S3 9.7,Wi-Fi,32GB,POOR,4,
Tablets,Samsung,Tablet,Galaxy Tab S3 9.7,Wi-Fi + Cellular,32GB,MINT,,
Tablets,Samsung,Tablet,Galaxy Tab S6 Lite,Wi-Fi,64GB,GOOD,52,40
Tablets,Samsung,Tablet,Galaxy Tab S3 9.7,Wi-Fi + Cellular,32GB,POOR,,
Tablets,Samsung,Tablet,Galaxy Tab S3 9.7,Wi-Fi + Cellular,32GB,GOOD,,
Tablets,Samsung,Tablet,Galaxy Tab S6 Lite,Wi-Fi + Cellular,64GB,MINT,73,
Tablets,Samsung,Tablet,Galaxy Tab S3 9.7,Wi-Fi,32GB,FAULTY,1,
Tablets,Samsung,Tablet,Galaxy Tab S6 Lite,Wi-Fi,64GB,MINT,65,50
Tablets,Samsung,Tablet,Galaxy Tab S5e,Wi-Fi + Cellular,64GB,FAULTY,7,2
Tablets,Samsung,Tablet,Galaxy Tab S5e,Wi-Fi + Cellular,128GB,GOOD,40,35
Tablets,Samsung,Tablet,Galaxy Tab S3 9.7,Wi-Fi,32GB,MINT,12,10
Tablets,Samsung,Tablet,Galaxy Tab S5e,Wi-Fi + Cellular,128GB,FAULTY,8,2
Tablets,Samsung,Tablet,Galaxy Tab S5e,Wi-Fi + Cellular,128GB,MINT,51,45
Tablets,Samsung,Tablet,Galaxy Tab S5e,Wi-Fi + Cellular,128GB,POOR,26,2
Tablets,Samsung,Tablet,Galaxy Tab S3 9.7,Wi-Fi,32GB,GOOD,7,5
Tablets,Samsung,Tablet,Galaxy Tab S5e,Wi-Fi + Cellular,64GB,GOOD,33,25
Tablets,Samsung,Tablet,Galaxy Tab S5e,Wi-Fi,128GB,MINT,45,40
Tablets,Samsung,Tablet,Galaxy Tab S5e,Wi-Fi + Cellular,64GB,POOR,20,2
Tablets,Samsung,Tablet,Galaxy Tab S5e,Wi-Fi + Cellular,64GB,MINT,40,35
Tablets,Samsung,Tablet,Galaxy Tab S6,Wi-Fi + Cellular,256GB,MINT,119,
Tablets,Samsung,Tablet,Galaxy Tab S6,Wi-Fi + Cellular,256GB,FAULTY,22,
Tablets,Samsung,Tablet,Galaxy Tab S5e,Wi-Fi,64GB,FAULTY,6,2
Tablets,Samsung,Tablet,Galaxy Tab S5e,Wi-Fi,128GB,POOR,21,2
Tablets,Samsung,Tablet,Galaxy Tab S6,Wi-Fi + Cellular,256GB,POOR,90,
Tablets,Samsung,Tablet,Galaxy Tab S6,Wi-Fi + Cellular,256GB,GOOD,109,
Tablets,Samsung,Tablet,Galaxy Tab S5e,Wi-Fi,64GB,GOOD,26,20
Tablets,Samsung,Tablet,Galaxy Tab S5e,Wi-Fi,128GB,FAULTY,7,2
Tablets,Samsung,Tablet,Galaxy Tab S5e,Wi-Fi,64GB,POOR,15,2
Tablets,Samsung,Tablet,Galaxy Tab S6,Wi-Fi + Cellular,128GB,FAULTY,18,
Tablets,Samsung,Tablet,Galaxy Tab S6,Wi-Fi,256GB,FAULTY,20,7
Tablets,Samsung,Tablet,Galaxy Tab S6,Wi-Fi,256GB,POOR,80,7
Tablets,Samsung,Tablet,Galaxy Tab S5e,Wi-Fi,64GB,MINT,34,30
Tablets,Samsung,Tablet,Galaxy Tab S6,Wi-Fi + Cellular,128GB,MINT,100,
Tablets,Samsung,Tablet,Galaxy Tab S6,Wi-Fi + Cellular,128GB,GOOD,90,
Tablets,Samsung,Tablet,Galaxy Tab S6,Wi-Fi,256GB,MINT,109,100
Tablets,Samsung,Tablet,Galaxy Tab S6,Wi-Fi + Cellular,128GB,POOR,70,
Tablets,Samsung,Tablet,Galaxy Tab S6,Wi-Fi,256GB,GOOD,98,90
Tablets,Samsung,Tablet,Galaxy Tab S 10.5,Wi-Fi + Cellular,16GB,POOR,,
Tablets,Samsung,Tablet,Galaxy Tab S6,Wi-Fi,128GB,FAULTY,15,5
Tablets,Samsung,Tablet,Galaxy Tab S6,Wi-Fi,128GB,POOR,60,5
Tablets,Samsung,Tablet,Galaxy Tab S 10.5,Wi-Fi + Cellular,16GB,GOOD,,
Tablets,Samsung,Tablet,Galaxy Tab S 10.5,Wi-Fi + Cellular,16GB,MINT,,
Tablets,Samsung,Tablet,Galaxy Tab S 10.5,Wi-Fi + Cellular,16GB,FAULTY,,
Tablets,Samsung,Tablet,Galaxy Tab S6,Wi-Fi,128GB,GOOD,76,70
Tablets,Samsung,Tablet,Galaxy Tab S6,Wi-Fi,128GB,MINT,87,80
Tablets,Samsung,Tablet,Galaxy Tab S 10.5,Wi-Fi,32GB,POOR,,
Tablets,Samsung,Tablet,Galaxy Tab S 10.5,Wi-Fi,16GB,POOR,,
Tablets,Samsung,Tablet,Galaxy Tab S 10.5,Wi-Fi,16GB,GOOD,7,7
Tablets,Samsung,Tablet,Galaxy Tab S 10.5,Wi-Fi,32GB,GOOD,8,8
Tablets,Samsung,Tablet,Galaxy Tab S 10.5,Wi-Fi,16GB,FAULTY,,
Tablets,Samsung,Tablet,Galaxy Tab S 10.5,Wi-Fi,32GB,MINT,11,11
Tablets,Samsung,Tablet,Galaxy Tab S 10.5,Wi-Fi,32GB,FAULTY,,
Tablets,Samsung,Tablet,Galaxy Tab S9 FE,Wi-Fi,128GB,FAULTY,17,10
Tablets,Samsung,Tablet,Galaxy Tab S8 Ultra,Wi-Fi + Cellular,512GB,FAULTY,75,75
Tablets,Samsung,Tablet,Galaxy Tab S10 FE+,Wi-Fi + Cellular,256GB,FAULTY,39,
Tablets,Samsung,Tablet,Galaxy Tab S10 Ultra,Wi-Fi + Cellular,1TB,FAULTY,110,
Tablets,Samsung,Tablet,Galaxy Tab S10 Ultra,Wi-Fi + Cellular,1TB,GOOD,557,
Tablets,Samsung,Tablet,Galaxy Tab S10 Ultra,Wi-Fi + Cellular,1TB,POOR,495,
Tablets,Samsung,Tablet,Galaxy Tab S11,Wi-Fi + Cellular,512GB,FAULTY,85,
Tablets,Samsung,Tablet,Galaxy Tab S8 Ultra,Wi-Fi + Cellular,512GB,POOR,246,75
Tablets,Samsung,Tablet,Galaxy Tab S11,Wi-Fi + Cellular,512GB,POOR,326,
Tablets,Samsung,Tablet,Galaxy Tab S11 Ultra,Wi-Fi + Cellular,512GB,FAULTY,125,
Tablets,Samsung,Tablet,Galaxy Tab S11 Ultra,Wi-Fi + Cellular,512GB,POOR,496,
Tablets,Samsung,Tablet,Galaxy Tab S5e,Wi-Fi,128GB,GOOD,34,30
Tablets,Samsung,Tablet,Galaxy Tab S11 Ultra,Wi-Fi + Cellular,1TB,POOR,536,
Tablets,Samsung,Tablet,Galaxy Tab S11 Ultra,Wi-Fi + Cellular,1TB,FAULTY,130,
Tablets,Samsung,Tablet,Galaxy Tab S11 Ultra,Wi-Fi + Cellular,256GB,POOR,446,
Tablets,Samsung,Tablet,Galaxy Tab S11 Ultra,Wi-Fi + Cellular,512GB,GOOD,610,
Tablets,Samsung,Tablet,Galaxy Tab S11 Ultra,Wi-Fi + Cellular,256GB,GOOD,560,
Tablets,Samsung,Tablet,Galaxy Tab S11 Ultra,Wi-Fi + Cellular,256GB,FAULTY,115,
Tablets,Samsung,Tablet,Galaxy Tab S11 Ultra,Wi-Fi + Cellular,512GB,MINT,661,
Tablets,Samsung,Tablet,Galaxy Tab S11 Ultra,Wi-Fi + Cellular,256GB,MINT,611,
Tablets,Samsung,Tablet,Galaxy Tab S11 Ultra,Wi-Fi,1TB,POOR,506,
Tablets,Samsung,Tablet,Galaxy Tab S11 Ultra,Wi-Fi,1TB,FAULTY,120,
Tablets,Samsung,Tablet,Galaxy Tab S11 Ultra,Wi-Fi,512GB,FAULTY,115,
Tablets,Samsung,Tablet,Galaxy Tab S11 Ultra,Wi-Fi,256GB,POOR,416,
Tablets,Samsung,Tablet,Galaxy Tab S11 Ultra,Wi-Fi,1TB,GOOD,620,
Tablets,Samsung,Tablet,Galaxy Tab S11 Ultra,Wi-Fi,512GB,GOOD,580,
Tablets,Samsung,Tablet,Galaxy Tab S11 Ultra,Wi-Fi,512GB,POOR,466,
Tablets,Samsung,Tablet,Galaxy Tab S11 Ultra,Wi-Fi,1TB,MINT,671,
Tablets,Samsung,Tablet,Galaxy Tab S11 Ultra,Wi-Fi,256GB,MINT,581,
Tablets,Samsung,Tablet,Galaxy Tab S 10.5,Wi-Fi,16GB,MINT,10,10
Tablets,Samsung,Tablet,Galaxy Tab S10 Ultra,Wi-Fi + Cellular,512GB,POOR,465,
Tablets,Samsung,Tablet,Galaxy Tab S11 Ultra,Wi-Fi,256GB,GOOD,530,
Tablets,Samsung,Tablet,Galaxy Tab S10 Ultra,Wi-Fi + Cellular,512GB,MINT,566,
Tablets,Samsung,Tablet,Galaxy Tab S10 Ultra,Wi-Fi + Cellular,1TB,MINT,596,
Tablets,Samsung,Tablet,Galaxy Tab S11 Ultra,Wi-Fi,512GB,MINT,631,
Tablets,Samsung,Tablet,Galaxy Tab S10 Ultra,Wi-Fi + Cellular,512GB,GOOD,527,
Tablets,Samsung,Tablet,Galaxy Tab S10 Ultra,Wi-Fi + Cellular,512GB,FAULTY,105,
Tablets,Samsung,Tablet,Galaxy Tab S10 Ultra,Wi-Fi + Cellular,256GB,FAULTY,100,
Tablets,Samsung,Tablet,Galaxy Tab S10 Ultra,Wi-Fi,1TB,FAULTY,130,130
Tablets,Samsung,Tablet,Galaxy Tab S10 Ultra,Wi-Fi + Cellular,256GB,GOOD,477,
Tablets,Samsung,Tablet,Galaxy Tab S10 Ultra,Wi-Fi,1TB,GOOD,517,515
Tablets,Samsung,Tablet,Galaxy Tab S10 Ultra,Wi-Fi,1TB,MINT,566,565
Tablets,Samsung,Tablet,Galaxy Tab S11 Ultra,Wi-Fi,256GB,FAULTY,105,
Tablets,Samsung,Tablet,Galaxy Tab S10 Ultra,Wi-Fi,512GB,FAULTY,115,115
Tablets,Samsung,Tablet,Galaxy Tab S10 Ultra,Wi-Fi + Cellular,256GB,POOR,442,
Tablets,Samsung,Tablet,Galaxy Tab S10 Ultra,Wi-Fi + Cellular,256GB,MINT,516,
Tablets,Samsung,Tablet,Galaxy Tab S10 Ultra,Wi-Fi,1TB,POOR,455,130
Tablets,Samsung,Tablet,Galaxy Tab S10 Ultra,Wi-Fi,512GB,POOR,426,115
Tablets,Samsung,Tablet,Galaxy Tab S10 Ultra,Wi-Fi,512GB,GOOD,490,490
Tablets,Samsung,Tablet,Galaxy Tab S10 Ultra,Wi-Fi,512GB,MINT,541,540
Tablets,Samsung,Tablet,Galaxy Tab S10 FE+,Wi-Fi + Cellular,256GB,POOR,186,
Tablets,Samsung,Tablet,Galaxy Tab S10 Ultra,Wi-Fi,256GB,POOR,376,100
Tablets,Samsung,Tablet,Galaxy Tab S10 FE+,Wi-Fi + Cellular,128GB,GOOD,215,
Tablets,Samsung,Tablet,Galaxy Tab S10 FE+,Wi-Fi,256GB,POOR,186,
Tablets,Samsung,Tablet,Galaxy Tab S10 FE+,Wi-Fi + Cellular,128GB,FAULTY,35,
Tablets,Samsung,Tablet,Galaxy Tab S10 FE+,Wi-Fi + Cellular,256GB,MINT,286,
Tablets,Samsung,Tablet,Galaxy Tab S10 FE+,Wi-Fi + Cellular,256GB,GOOD,245,
Tablets,Samsung,Tablet,Galaxy Tab S10 FE+,Wi-Fi + Cellular,128GB,MINT,256,
Tablets,Samsung,Tablet,Galaxy Tab S10 FE+,Wi-Fi,256GB,FAULTY,60,
Tablets,Samsung,Tablet,Galaxy Tab S10 Ultra,Wi-Fi,256GB,GOOD,442,415
Tablets,Samsung,Tablet,Galaxy Tab S10 FE+,Wi-Fi + Cellular,128GB,POOR,151,
Tablets,Samsung,Tablet,Galaxy Tab S10 Ultra,Wi-Fi,256GB,FAULTY,100,100
Tablets,Samsung,Tablet,Galaxy Tab S10 Ultra,Wi-Fi,256GB,MINT,493,465
Tablets,Samsung,Tablet,Galaxy Tab S10 FE+,Wi-Fi,256GB,GOOD,250,
Tablets,Samsung,Tablet,Galaxy Tab S10 FE+,Wi-Fi,128GB,FAULTY,50,
Tablets,Samsung,Tablet,Galaxy Tab S10 FE+,Wi-Fi,128GB,GOOD,215,
Tablets,Samsung,Tablet,Galaxy Tab S10 FE+,Wi-Fi,128GB,MINT,256,
Tablets,Samsung,Tablet,Galaxy Tab S10 FE+,Wi-Fi,256GB,MINT,286,
Tablets,Samsung,Tablet,Galaxy Tab S9 Ultra,Wi-Fi + Cellular,1TB,FAULTY,95,70
Tablets,Samsung,Tablet,Galaxy Tab S9 Ultra,Wi-Fi + Cellular,1TB,POOR,395,70
Tablets,Samsung,Tablet,Galaxy Tab S10 FE+,Wi-Fi,128GB,POOR,151,
Tablets,Samsung,Tablet,Galaxy Tab S9 Ultra,Wi-Fi + Cellular,1TB,MINT,505,460
Tablets,Samsung,Tablet,Galaxy Tab S9 Ultra,Wi-Fi + Cellular,512GB,FAULTY,90,55
Tablets,Samsung,Tablet,Galaxy Tab S9 Ultra,Wi-Fi + Cellular,256GB,POOR,340,40
Tablets,Samsung,Tablet,Galaxy Tab S9 Ultra,Wi-Fi + Cellular,512GB,MINT,470,420
Tablets,Samsung,Tablet,Galaxy Tab S9 Ultra,Wi-Fi + Cellular,256GB,FAULTY,85,40
Tablets,Samsung,Tablet,Galaxy Tab S9 Ultra,Wi-Fi + Cellular,512GB,GOOD,440,370
Tablets,Samsung,Tablet,Galaxy Tab S9 Ultra,Wi-Fi,1TB,FAULTY,90,60
Tablets,Samsung,Tablet,Galaxy Tab S9 Ultra,Wi-Fi,1TB,GOOD,435,380
Tablets,Samsung,Tablet,Galaxy Tab S9 Ultra,Wi-Fi,512GB,POOR,320,45
Tablets,Samsung,Tablet,Galaxy Tab S9 Ultra,Wi-Fi,1TB,POOR,355,60
Tablets,Samsung,Tablet,Galaxy Tab S9 Ultra,Wi-Fi,512GB,FAULTY,85,45
Tablets,Samsung,Tablet,Galaxy Tab S9 Ultra,Wi-Fi + Cellular,256GB,GOOD,400,330
Tablets,Samsung,Tablet,Galaxy Tab S9 Ultra,Wi-Fi + Cellular,256GB,MINT,430,380
Tablets,Samsung,Tablet,Galaxy Tab S9 Ultra,Wi-Fi + Cellular,1TB,GOOD,475,410
Tablets,Samsung,Tablet,Galaxy Tab S9 Ultra,Wi-Fi + Cellular,512GB,POOR,360,55
Tablets,Samsung,Tablet,Galaxy Tab S9 Ultra,Wi-Fi,1TB,MINT,466,430
Tablets,Samsung,Tablet,Galaxy Tab S9 Ultra,Wi-Fi,512GB,MINT,431,390
Tablets,Samsung,Tablet,Galaxy Tab S9 Ultra,Wi-Fi,256GB,MINT,391,350
Tablets,Samsung,Tablet,Galaxy Tab S9 Ultra,Wi-Fi,256GB,FAULTY,80,40
Tablets,Samsung,Tablet,Galaxy Tab S9 Ultra,Wi-Fi,256GB,GOOD,360,300
Tablets,Samsung,Tablet,Galaxy Tab S11,Wi-Fi + Cellular,512GB,MINT,471,
Tablets,Samsung,Tablet,Galaxy Tab S11,Wi-Fi + Cellular,512GB,GOOD,400,
Tablets,Samsung,Tablet,Galaxy Tab S9 Ultra,Wi-Fi,512GB,GOOD,400,340
Tablets,Samsung,Tablet,Galaxy Tab S11,Wi-Fi + Cellular,256GB,FAULTY,80,
Tablets,Samsung,Tablet,Galaxy Tab S11,Wi-Fi + Cellular,256GB,GOOD,383,
Tablets,Samsung,Tablet,Galaxy Tab S11,Wi-Fi + Cellular,128GB,FAULTY,75,
Tablets,Samsung,Tablet,Galaxy Tab S9 Ultra,Wi-Fi,256GB,POOR,281,40
Tablets,Samsung,Tablet,Galaxy Tab S11,Wi-Fi + Cellular,128GB,POOR,286,
Tablets,Samsung,Tablet,Galaxy Tab S11,Wi-Fi + Cellular,256GB,MINT,451,
Tablets,Samsung,Tablet,Galaxy Tab S11,Wi-Fi + Cellular,128GB,MINT,421,
Tablets,Samsung,Tablet,Galaxy Tab S11,Wi-Fi + Cellular,128GB,GOOD,360,
Tablets,Samsung,Tablet,Galaxy Tab S11,Wi-Fi + Cellular,256GB,POOR,306,
Tablets,Samsung,Tablet,Galaxy Tab S11,Wi-Fi,512GB,MINT,421,400
Tablets,Samsung,Tablet,Galaxy Tab S11,Wi-Fi,256GB,MINT,406,375
Tablets,Samsung,Tablet,Galaxy Tab S11,Wi-Fi,256GB,FAULTY,75,75
Tablets,Samsung,Tablet,Galaxy Tab S11,Wi-Fi,512GB,GOOD,365,350
Tablets,Samsung,Tablet,Galaxy Tab S11,Wi-Fi,512GB,FAULTY,80,75
Tablets,Samsung,Tablet,Galaxy Tab S11,Wi-Fi,512GB,POOR,296,75
Tablets,Samsung,Tablet,Galaxy Tab S11,Wi-Fi,256GB,GOOD,345,325
Tablets,Samsung,Tablet,Galaxy Tab S11,Wi-Fi,128GB,GOOD,328,300
Tablets,Samsung,Tablet,Galaxy Tab S11,Wi-Fi,128GB,POOR,256,70
Tablets,Samsung,Tablet,Galaxy Tab S10+,Wi-Fi + Cellular,512GB,FAULTY,80,80
Tablets,Samsung,Tablet,Galaxy Tab S10+,Wi-Fi + Cellular,512GB,MINT,452,400
Tablets,Samsung,Tablet,Galaxy Tab S11,Wi-Fi,128GB,FAULTY,70,70
Tablets,Samsung,Tablet,Galaxy Tab S11,Wi-Fi,128GB,MINT,386,350
Tablets,Samsung,Tablet,Galaxy Tab S10+,Wi-Fi + Cellular,512GB,GOOD,397,355
Tablets,Samsung,Tablet,Galaxy Tab S11,Wi-Fi,256GB,POOR,276,75
Tablets,Samsung,Tablet,Galaxy Tab S10+,Wi-Fi + Cellular,512GB,POOR,314,80
Tablets,Samsung,Tablet,Galaxy Tab S10+,Wi-Fi + Cellular,256GB,MINT,419,350
Tablets,Samsung,Tablet,Galaxy Tab S10+,Wi-Fi,512GB,FAULTY,70,65
Tablets,Samsung,Tablet,Galaxy Tab S10+,Wi-Fi + Cellular,256GB,FAULTY,70,65
Tablets,Samsung,Tablet,Galaxy Tab S10+,Wi-Fi,512GB,GOOD,356,305
Tablets,Samsung,Tablet,Galaxy Tab S10+,Wi-Fi,512GB,POOR,276,65
Tablets,Samsung,Tablet,Galaxy Tab S10+,Wi-Fi,256GB,FAULTY,65,60
Tablets,Samsung,Tablet,Galaxy Tab S10+,Wi-Fi,256GB,GOOD,323,270
Tablets,Samsung,Tablet,Galaxy Tab S10+,Wi-Fi,256GB,MINT,381,315
Tablets,Samsung,Tablet,Galaxy Tab S10+,Wi-Fi,256GB,POOR,243,60
Tablets,Samsung,Tablet,Galaxy Tab S8 Ultra,Wi-Fi + Cellular,512GB,MINT,351,290
Tablets,Samsung,Tablet,Galaxy Tab S8 Ultra,Wi-Fi + Cellular,512GB,GOOD,310,240
Tablets,Samsung,Tablet,Galaxy Tab S8 Ultra,Wi-Fi + Cellular,256GB,FAULTY,65,65
Tablets,Samsung,Tablet,Galaxy Tab S10+,Wi-Fi,512GB,MINT,419,350
Tablets,Samsung,Tablet,Galaxy Tab S8 Ultra,Wi-Fi + Cellular,128GB,FAULTY,60,60
Tablets,Samsung,Tablet,Galaxy Tab S8 Ultra,Wi-Fi + Cellular,256GB,MINT,326,260
Tablets,Samsung,Tablet,Galaxy Tab S8 Ultra,Wi-Fi + Cellular,128GB,GOOD,250,170
Tablets,Samsung,Tablet,Galaxy Tab S8 Ultra,Wi-Fi + Cellular,256GB,POOR,226,65
Tablets,Samsung,Tablet,Galaxy Tab S8 Ultra,Wi-Fi + Cellular,128GB,MINT,286,220
Tablets,Samsung,Tablet,Galaxy Tab S8 Ultra,Wi-Fi + Cellular,128GB,POOR,190,60
Tablets,Samsung,Tablet,Galaxy Tab S8 Ultra,Wi-Fi,512GB,FAULTY,65,65
Tablets,Samsung,Tablet,Galaxy Tab S8 Ultra,Wi-Fi + Cellular,256GB,GOOD,290,210
Tablets,Samsung,Tablet,Galaxy Tab S10+,Wi-Fi + Cellular,256GB,GOOD,357,305
Tablets,Samsung,Tablet,Galaxy Tab S8 Ultra,Wi-Fi,256GB,MINT,301,255
Tablets,Samsung,Tablet,Galaxy Tab S8 Ultra,Wi-Fi,128GB,FAULTY,55,55
Tablets,Samsung,Tablet,Galaxy Tab S8 Ultra,Wi-Fi,512GB,POOR,226,65
Tablets,Samsung,Tablet,Galaxy Tab S8 Ultra,Wi-Fi,256GB,POOR,208,60
Tablets,Samsung,Tablet,Galaxy Tab S8 Ultra,Wi-Fi,512GB,MINT,326,285
Tablets,Samsung,Tablet,Galaxy Tab S8 Ultra,Wi-Fi,256GB,FAULTY,60,60
Tablets,Samsung,Tablet,Galaxy Tab S8 Ultra,Wi-Fi,512GB,GOOD,285,235
Tablets,Samsung,Tablet,Galaxy Tab S8 Ultra,Wi-Fi,128GB,GOOD,225,165
Tablets,Samsung,Tablet,Galaxy Tab S9+,Wi-Fi + Cellular,512GB,MINT,361,315
Tablets,Samsung,Tablet,Galaxy Tab S9+,Wi-Fi + Cellular,512GB,POOR,280,45
Tablets,Samsung,Tablet,Galaxy Tab S8 Ultra,Wi-Fi,128GB,MINT,261,215
Tablets,Samsung,Tablet,Galaxy Tab S8 Ultra,Wi-Fi,128GB,POOR,172,55
Tablets,Samsung,Tablet,Galaxy Tab S9+,Wi-Fi + Cellular,512GB,FAULTY,70,45
Tablets,Samsung,Tablet,Galaxy Tab S8 Ultra,Wi-Fi,256GB,GOOD,265,205
Tablets,Samsung,Tablet,Galaxy Tab S9+,Wi-Fi + Cellular,512GB,GOOD,330,260
Tablets,Samsung,Tablet,Galaxy Tab S9+,Wi-Fi + Cellular,256GB,FAULTY,65,40
Tablets,Samsung,Tablet,Galaxy Tab S9+,Wi-Fi + Cellular,256GB,GOOD,305,230
Tablets,Brand,Type,Name,Network,Capacity,Condition,Maximum_Price,Buybackworld_Price
Tablets,Samsung,Tablet,Galaxy Tab S9+,Wi-Fi + Cellular,256GB,POOR,255,40
Tablets,Samsung,Tablet,Galaxy Tab S9+,Wi-Fi,512GB,MINT,336,285
Tablets,Samsung,Tablet,Galaxy Tab S9+,Wi-Fi,512GB,FAULTY,65,40
Tablets,Samsung,Tablet,Galaxy Tab S9+,Wi-Fi,512GB,POOR,255,40
Tablets,Samsung,Tablet,Galaxy Tab S9+,Wi-Fi,512GB,GOOD,305,230
Tablets,Samsung,Tablet,Galaxy Tab S9+,Wi-Fi,256GB,FAULTY,60,25
Tablets,Samsung,Tablet,Galaxy Tab S9+,Wi-Fi + Cellular,256GB,MINT,336,285
Tablets,Samsung,Tablet,Galaxy Tab S8+,Wi-Fi + Cellular,512GB,FAULTY,52,
Tablets,Samsung,Tablet,Galaxy Tab S9+,Wi-Fi,256GB,POOR,230,25
Tablets,Samsung,Tablet,Galaxy Tab S8+,Wi-Fi + Cellular,512GB,MINT,280,
Tablets,Samsung,Tablet,Galaxy Tab S8+,Wi-Fi + Cellular,256GB,FAULTY,50,50
Tablets,Samsung,Tablet,Galaxy Tab S8+,Wi-Fi + Cellular,512GB,GOOD,260,
Tablets,Samsung,Tablet,Galaxy Tab S9+,Wi-Fi,256GB,MINT,311,250
Tablets,Samsung,Tablet,Galaxy Tab S9+,Wi-Fi,256GB,GOOD,280,195
Tablets,Samsung,Tablet,Galaxy Tab S8+,Wi-Fi + Cellular,512GB,POOR,195,
Tablets,Samsung,Tablet,Galaxy Tab S8+,Wi-Fi + Cellular,256GB,GOOD,240,170
Tablets,Samsung,Tablet,Galaxy Tab S8+,Wi-Fi + Cellular,128GB,FAULTY,45,40
Tablets,Samsung,Tablet,Galaxy Tab S8+,Wi-Fi + Cellular,128GB,MINT,221,200
Tablets,Samsung,Tablet,Galaxy Tab S8+,Wi-Fi + Cellular,128GB,GOOD,200,150
Tablets,Samsung,Tablet,Galaxy Tab S8+,Wi-Fi + Cellular,256GB,MINT,261,220
Tablets,Samsung,Tablet,Galaxy Tab S8+,Wi-Fi + Cellular,128GB,POOR,136,40
Tablets,Samsung,Tablet,Galaxy Tab S8+,Wi-Fi,512GB,MINT,260,235
Tablets,Samsung,Tablet,Galaxy Tab S8+,Wi-Fi + Cellular,256GB,POOR,176,50
Tablets,Samsung,Tablet,Galaxy Tab S8+,Wi-Fi,512GB,POOR,175,55
Tablets,Samsung,Tablet,Galaxy Tab S8+,Wi-Fi,512GB,FAULTY,55,55
Tablets,Samsung,Tablet,Galaxy Tab S8+,Wi-Fi,256GB,POOR,156,50
Tablets,Samsung,Tablet,Galaxy Tab S8+,Wi-Fi,256GB,FAULTY,50,50
Tablets,Samsung,Tablet,Galaxy Tab S8+,Wi-Fi,512GB,GOOD,240,185
Tablets,Samsung,Tablet,Galaxy Tab S8+,Wi-Fi,256GB,MINT,241,215
Tablets,Samsung,Tablet,Galaxy Tab S8+,Wi-Fi,128GB,POOR,116,40
Tablets,Samsung,Tablet,Galaxy Tab S8+,Wi-Fi,256GB,GOOD,220,165
Tablets,Samsung,Tablet,Galaxy Tab S8+,Wi-Fi,128GB,MINT,201,190
Tablets,Samsung,Tablet,Galaxy Tab S8+,Wi-Fi,128GB,FAULTY,40,40
Tablets,Samsung,Tablet,Galaxy Tab S8+,Wi-Fi,128GB,GOOD,180,140
Tablets,Samsung,Tablet,Galaxy Tab Active 5,Wi-Fi,256GB,FAULTY,23,
Tablets,Samsung,Tablet,Galaxy Tab S11 Ultra,Wi-Fi + Cellular,1TB,GOOD,650,
Tablets,Samsung,Tablet,Galaxy Tab S11 Ultra,Wi-Fi + Cellular,1TB,MINT,701,
Tablets,Samsung,Tablet,Galaxy Tab S10+,Wi-Fi + Cellular,256GB,POOR,276,65
Tablets,Samsung,Tablet,Galaxy Tab S7,Wi-Fi + Cellular,128GB,POOR,95,
Tablets,Samsung,Tablet,Galaxy Tab S7,Wi-Fi,512GB,MINT,170,125
Tablets,Samsung,Tablet,Galaxy Tab S7,Wi-Fi,128GB,MINT,116,105
Tablets,Samsung,Tablet,Galaxy Tab S7+,Wi-Fi,512GB,MINT,216,205
